stimulus,1223_2636,1224_2642,1228_2674,1229_2683,1230_2680,1238_2578,1241_2583,1242_2582,1243_2580,1247_2590,1248_2587,1251_2589,1253_2592,1256_2601,1257_2600,1258_2598,1263_2603,1264_2602,1265_2605,1272_2607,1275_2613,1276_2612,1277_2616,1278_2617,1280_2620,1283_2634,1285_2635,1286_2632,1287_2633,1288_2640,1291_2643,1293_2639,1294_2646,1297_2676,1298_2645,1300_2649,1303_2653,1304_2655,1307_2659,1308_2658,1312_2663,1317_2661,1318_2662,1319_2665,1320_2666,1321_2672,1322_2673,1324_2682,1327_2687,1329_2685,1334_2692,1335_2691,1337_2698,1338_2697,1342_2703,1343_2704,1347_2710,1349_2712,1350_2716,1354_2719,1355_2718,1364_2747,1366_2753,1373_2764,1374_2754,1383_2744,1387_2758,1389_2768,1390_2767,1391_2773,200_2596,376_2701,390_2678,411_2614,418_2668,419_2715,425_2763,436_2714,454_2721,457_2604,471_2675,486_2679,500_2594,503_2618,505_2772,524_2599,551_2700,552_2722,582_2766,586_2667,587_2695,596_2591,603_2708,609_2689,617_2702,630_2706,643_2574,646_2595,651_2575,678_2684,700_2693,710_2709,724_2774,779_2621,864_2677,mean
0290407779,,28.7623,,42.1133,30.5661,,,22.3607,41.8814,,,41.3718,32.4848,61.1104,80.3498,,38.9279,110.5529,42.4591,25.1812,35.7509,,20.6646,21.2751,40.4489,88.6596,23.4284,,,,,41.6667,27.0658,18.9351,21.0072,30.5085,52.9760,,22.8035,,32.1109,,15.6441,43.5286,,,,,60.0000,26.7117,16.6060,,91.1165,125.6981,26.8501,15.4031,,,25.1109,,,,29.0717,24.6050,,19.5256,,34.7804,46.9905,46.2952,28.7904,35.1527,,,,,,27.9285,,180.3600,52.1637,,,58.9245,47.9831,,54.2345,38.7638,,,56.8624,,40.8434,45.0745,45.5079,1141.0502,,,,25.8052,,28.6280,39.4124,78.2783,,61.4610
0382c3c48e,,31.1886,,38.0503,31.4907,,,26.0408,41.1825,,,41.6778,20.2162,62.7862,55.9248,,25.9629,79.9137,37.5766,23.4888,29.8408,,16.4924,25.4133,38.7298,96.8646,23.7806,,,,,30.0694,19.5316,26.5875,19.2841,24.8700,20.3540,,16.4611,,31.6228,,18.1108,21.6987,,,,,58.8979,40.9033,22.1654,,63.3001,56.7524,27.1241,14.9747,,,21.6987,,,,30.6079,22.2673,,17.1270,,24.9762,56.7098,35.8135,30.2290,46.7333,,,,,,17.2091,,215.0194,38.5806,,,79.3515,53.9510,,91.6515,40.3687,,,39.4676,,33.5233,39.0512,69.0191,786.4994,,,,31.2637,,29.2617,38.3406,54.0655,,52.4937
0800754f0c,27.8524,,37.3116,42.7327,40.4351,39.8434,10.7763,29.5122,39.6746,24.9165,38.1797,21.0110,32.2195,,,,30.7482,77.5066,37.6386,36.9075,31.2637,27.7746,17.9869,25.9554,90.4986,50.0333,21.8849,28.1642,167.1716,40.1641,46.8534,48.2553,28.3866,21.5381,18.7785,42.1663,25.9230,30.8761,18.9209,28.9156,36.8261,21.0223,18.2327,17.5000,20.0000,62.7694,51.7301,53.1909,66.8245,23.7410,25.6348,16.3467,79.5050,73.8954,,14.8754,23.5702,24.2384,23.5281,87.9904,41.4470,859.9092,39.4652,22.2205,34.0037,25.3089,161.3130,36.5800,62.0593,,,55.1920,122.0656,,54.7983,50.0000,20.8738,45.9977,,195.3592,49.2674,199.7498,29.9274,55.1222,25.0832,34.1413,50.8675,55.9840,49.2443,,,55.1582,26.6927,68.6209,86.5200,1700.0456,76.1772,32.2355,50.3259,,64.0676,38.2971,83.1865,,201.8719,75.8628
0b1cd75c8b,31.2658,,28.5549,,,34.7782,25.2336,,,43.6493,20.7020,,,,,33.1662,,,,,,35.1070,,,,,,19.1485,37.6907,42.4264,29.3626,,,,,,,26.2274,,31.4113,,25.5202,,,24.0725,94.7466,38.8444,,,,,18.0739,,,,,23.4521,33.8340,,95.6319,42.0410,79.8344,,,24.0155,,40.8248,,,,,,93.7321,41.9401,53.2751,31.1566,20.9662,,28.2422,,,44.0254,32.1960,,,38.9669,,,55.5805,98.7674,,47.6665,,,,,45.3591,35.6195,32.4926,,74.7817,,,,301.1091,47.8021
0b6be048a1,,,27.1360,,,20.3909,,,30.7283,,,62.1611,,,41.0575,41.9415,27.1870,170.4406,,23.7487,,21.4264,17.6141,21.0090,52.2141,,30.4512,30.3681,28.5115,,32.4771,28.4019,30.6715,21.1148,23.5433,21.0159,17.3205,,15.6243,,,24.9762,12.5945,34.6410,,,,,39.1191,22.8135,29.3151,10.2247,,47.2582,,,27.6134,23.1699,,79.7450,23.8630,,,,28.3945,29.4129,,26.2202,,,,,90.6542,,37.3462,31.8942,,16.2788,,68.3374,40.8758,,28.8874,72.8906,35.6919,28.2843,,,,59.4115,,,,40.7431,87.8107,501.0921,,,41.0235,,,,45.3557,,243.0695,49.3851
0c30f0fa1c,,36.2232,,44.8808,26.3117,,,33.1034,34.8927,,,53.7188,40.2358,54.7723,44.6705,,36.2012,96.4480,30.8221,27.2196,35.5477,,19.8068,21.0263,35.6787,70.5768,31.8733,,,,,41.0881,35.3553,20.1737,18.5252,29.0080,29.0975,,23.9565,,41.0930,,16.5434,18.5592,,,,,35.5903,22.8841,24.6147,,65.1007,131.5495,26.8068,19.8956,,,22.4812,,,,32.6599,80.3030,,24.9254,,97.0941,42.2988,51.8009,30.6866,40.7365,,,,,,17.2463,,126.9998,38.1134,,,45.9248,35.5233,,108.1367,59.0958,,,42.6271,,43.7488,29.5200,97.6853,1356.7322,,,,21.3382,,31.1029,52.5787,47.8310,,64.7712
0cef4f52d5,22.0880,,34.2648,,,29.1230,49.1857,,,56.9897,22.9692,,,,,34.5254,,,,,,46.9861,,,,,,25.0454,191.1599,29.5950,59.4979,,,,,,,22.7636,,22.7462,,33.4549,,,22.0671,78.5621,37.7124,40.3113,,,,13.4164,,,,,35.3291,28.0796,,46.7856,42.4670,77.6209,,,21.1345,,77.6153,,,,,,47.1814,33.8549,61.5467,28.8897,21.3269,,18.6622,,,50.2494,26.5922,,,30.1386,,,46.7460,67.1069,,38.8219,,,,,44.1588,49.3644,51.7963,,28.4312,,,,249.7406,47.6387
0de7b112ca,,33.7377,,44.0588,35.7689,,,20.4124,30.5800,,,45.8511,27.7050,82.9624,92.4276,,29.3684,181.2894,29.8193,25.9696,25.1661,,19.4666,20.9636,42.6675,191.1805,25.5841,,,,,42.5441,30.0000,21.2419,18.7972,29.5804,22.4351,,26.8742,,18.2971,,24.2248,36.0108,,,,,80.0426,30.8671,15.4724,,81.6117,85.0882,30.4038,18.2574,,,22.2948,,,,27.5076,22.9989,,22.5030,,33.9116,33.4741,55.7013,36.7990,53.8272,,,,,,31.5474,,262.3076,43.2861,,,41.5985,37.5681,,144.3450,34.2783,,,48.4496,,37.7793,30.6435,38.7298,930.2867,,,,19.4936,,30.2765,39.5540,59.8331,,61.5692
0ef3d4b2de,,28.3912,30.0000,41.0575,31.0913,33.0043,36.0555,27.6218,37.0901,25.7391,24.0832,32.3858,32.7579,74.2915,,32.1654,29.9073,45.7395,41.3707,19.7351,33.9935,20.8966,13.7281,20.0000,27.5681,64.6886,19.5789,26.4575,164.3878,19.8206,34.5688,47.2973,28.8768,25.0454,20.8021,39.2523,19.7714,35.9738,13.1876,44.1174,33.7886,27.0932,21.0589,24.0659,20.2131,,50.1619,41.5832,48.1584,27.2283,21.0121,22.4644,75.5065,121.2730,,16.4083,31.2846,29.0030,27.6887,60.2080,33.6543,201.2262,33.9116,27.2990,24.7323,22.9762,192.0455,34.8288,31.9539,,,43.2887,128.5820,41.6173,39.4277,31.7038,25.5704,29.6532,26.0408,88.7468,52.2494,28.2843,37.6463,63.3220,31.6228,23.9444,,43.2049,53.0330,52.5000,47.4342,45.6328,29.5200,,151.0287,647.1232,49.5463,,58.8312,,39.5649,26.1406,40.7340,36.2284,251.5626,51.6538
0fe38daafe,54.0786,,38.6329,,,24.1704,17.7544,,,23.8237,33.3759,,,,,82.3060,,,,,,23.2379,,,,,,24.9706,204.6634,25.0000,49.8682,,,,,,,19.6176,,23.7410,,25.6905,,,27.6134,53.7086,33.3371,35.2136,,,,15.1658,,,,,24.3521,14.6249,,61.0773,35.7390,62.2141,,,29.6808,,161.9450,,,,,,137.2346,35.2213,45.4300,38.6652,25.9487,,33.5319,,,52.7799,40.2319,,,38.6929,,,52.2468,155.9968,,50.4659,,,,,43.3197,42.5049,60.0347,,124.8897,,,,240.3601,55.5263
1178c0a95b,31.1841,,29.7321,,,27.0401,39.5456,,,29.9775,37.2140,,,,,32.2805,,,,,,43.6456,,,,,,26.7889,50.5255,25.5407,29.8352,,,,,,,38.1368,,46.1644,,28.8163,,,23.3828,52.2015,31.8105,46.0484,,,,18.7528,,,,,30.1869,27.4108,,59.1817,33.4252,229.5080,,,34.4601,,37.8994,,,,,,110.9304,34.6014,127.8817,36.0380,25.8482,,23.7008,,,39.5877,37.2104,,,31.1582,,,45.8739,46.3266,,52.5595,,,,,46.1126,34.2226,44.1241,,57.8909,,,,265.1580,49.9982
124e9b960e,,33.9900,,84.7873,28.2000,,67.3713,,67.1932,246.3737,,144.0076,,,95.0921,70.0985,55.4205,,102.1068,53.0526,43.5890,45.3163,,27.1504,75.8020,,,43.3590,107.8636,93.3302,116.3373,100.4241,42.8174,44.1942,95.4376,46.7822,69.7799,116.1381,33.5530,138.6843,,42.6354,28.2243,65.5944,36.4005,225.8392,182.8678,,,26.3312,98.0858,26.5226,173.0662,160.9570,72.8727,29.1548,28.5212,52.3382,50.1175,108.7071,115.3125,187.8337,52.9802,39.5059,,,,,118.2008,55.9220,56.1414,73.4372,350.3847,143.5554,186.5420,54.2733,,,96.5401,186.6548,86.4196,,45.2309,211.4730,105.6151,44.1210,91.9453,241.4928,106.6470,,96.8184,142.4948,94.1488,71.0078,,,76.3607,96.0035,159.9342,56.9663,148.3972,66.8212,64.8931,114.8063,,94.1921
127211c9e9,,34.0955,,35.5699,26.7029,,,32.5204,43.5007,,,32.9421,119.9166,39.5601,38.2821,,50.0000,113.8825,52.3211,25.3640,37.5436,,25.2982,21.2132,34.2783,83.9872,23.8747,,,,,153.3243,21.8763,22.2004,22.6569,36.1544,18.1659,,22.2159,,29.6086,,20.5688,35.3553,,,,,84.3842,29.1204,22.4621,,59.6418,104.2233,26.4575,11.2459,,,26.2996,,,,25.4058,19.3907,,38.9518,,30.8221,35.5065,50.7937,22.9810,42.2577,,,,,,16.9312,,77.6660,35.8070,,,67.5176,39.1725,,102.6025,44.8107,,,122.6105,,40.0000,57.2519,96.9067,3671.7473,,,,21.2867,,52.2813,45.8777,52.0724,,105.3683
14631b3756,35.2964,,28.5482,,,36.3036,23.6643,,,27.7350,32.8492,,,,,44.2445,,,,,,24.5459,,,,,,31.3894,141.0996,36.3381,28.2365,,,,,,,30.4380,,18.4089,,25.4460,,,20.3026,51.3599,39.3989,38.7913,,,,12.3131,,,,,23.6849,30.0876,,38.6465,29.8408,522.2620,,,28.1231,,89.1302,,,,,,105.2480,44.4182,68.1353,54.0655,19.0904,,29.8861,,,54.4949,32.7872,,,32.4037,,,59.9510,77.4435,,55.4474,,,,,42.1038,33.9316,92.1502,,82.2909,,,,279.3429,60.2653
1a52569c96,26.3818,27.5241,32.6061,48.7266,32.1760,35.0917,16.4845,20.3101,81.7343,39.4053,36.9904,24.9323,19.3649,44.2800,79.9687,31.0623,37.6685,33.1303,60.1752,24.0567,36.5148,27.3861,,29.7799,48.3137,189.2360,27.6607,28.9334,15.4724,,24.5531,40.2492,21.8345,15.6670,26.6667,27.9652,23.9444,35.7601,18.1600,22.2884,54.7723,24.4949,19.8016,18.4226,22.2288,75.1480,36.3856,,63.2832,30.3582,33.4664,21.4476,42.3238,73.3144,,33.3431,37.8594,31.3377,23.4273,36.6260,44.0779,266.2409,31.5733,22.5948,28.1859,25.6905,255.2104,35.0510,59.1819,,32.2933,57.3585,173.4375,43.2677,79.3135,52.6235,26.3734,32.6599,18.5252,126.7731,48.9898,87.2872,36.3318,53.3854,52.4404,29.5262,73.6206,26.2902,50.7445,64.1483,50.7315,58.3299,26.6327,75.9323,219.8462,403.2134,58.5391,37.9655,18.7867,19.7139,30.9435,30.1768,31.2517,63.7832,177.7873,53.2733
1a960b7bad,,,,50.2217,,,,,32.9502,,,50.7752,,,,53.6579,29.0659,78.8911,23.7309,,25.1085,21.2132,22.3607,,,,26.8652,23.0217,33.6452,25.9119,29.8807,,23.6039,,20.7223,24.7052,17.7591,,,21.7945,28.4495,24.5875,,18.3973,22.9416,,37.3609,,27.1069,25.6728,24.4949,17.7012,78.8170,53.3073,,,35.3553,21.5407,17.0139,59.9537,31.4694,138.4197,37.9144,,,22.4245,,43.2225,,,,,101.5148,,32.6803,29.3939,,20.4124,21.2568,142.4596,52.5991,,43.8273,,,34.7371,,,38.5777,68.8076,54.1010,45.7395,,32.3669,97.3472,,44.6654,,,17.5058,,,53.8837,,383.4927,46.0577
1b014b9af7,25.6760,30.9377,44.0643,43.2801,32.3849,35.3946,17.7951,31.4529,86.3525,69.4022,29.6273,24.4949,39.2792,44.6681,95.4834,31.9801,30.6343,84.4946,63.3208,19.2209,40.6626,29.1464,20.8167,18.0685,40.2011,77.0498,32.4037,26.7706,74.5941,81.6552,38.6250,41.5245,27.3944,21.0442,33.1047,35.0609,30.0314,30.1662,21.8282,87.3633,35.1918,23.2443,18.6425,25.3546,22.4465,75.6110,55.7973,48.7228,55.3888,28.5100,24.5690,14.9212,92.2118,50.3536,,20.1778,25.6348,19.4365,24.4949,35.8264,43.6629,607.4372,42.9520,17.7705,30.2962,20.6761,85.1836,35.8469,38.6005,,34.9725,57.4121,78.6581,31.0316,63.6396,29.1316,19.8206,39.4380,23.0682,122.4212,75.6787,33.8590,68.7127,86.6802,31.8689,44.3229,73.7757,37.1587,54.3395,50.2922,146.3081,49.1426,26.2467,76.8982,95.5306,738.3974,63.5947,50.4975,54.4154,,80.3580,31.8377,38.7298,56.0082,202.8752,59.5445
1b2b9e962c,17.4356,,26.3579,,,33.1662,16.0728,,,40.5586,36.7747,,,,,28.4697,,,,,,17.7281,,,,,,28.5945,37.5943,30.8957,21.4735,,,,,,,24.0098,,26.4575,,33.3916,,,18.5164,45.0146,39.8366,,,,,10.6458,,,,,25.0998,23.2140,,31.5508,29.7719,42.8403,,,32.1926,,128.0980,,,,,,101.6530,41.2916,49.9473,25.3546,26.8483,,42.7785,,,44.2481,38.9055,,,35.5121,,,46.2092,78.7978,,52.2813,,,,,26.5361,31.3581,83.5464,,40.9607,,,,281.0270,44.0237
1d454ac0d1,,33.9116,,44.7214,32.7872,,,20.0000,34.2345,,,52.8800,40.4304,72.6201,50.6035,,31.8562,88.6607,40.9390,45.3872,30.9377,,17.5499,18.5966,28.4376,178.2437,20.5946,,,,,30.7834,21.4643,21.9718,16.8634,31.5054,31.6228,,15.8623,,31.8329,,14.1421,30.9121,,,,,65.8281,28.9828,22.1654,,75.7491,132.1300,28.4059,12.1268,,,26.9258,,,,25.8199,50.7937,,21.4024,,46.5986,45.8258,44.0170,36.1033,39.0384,,,,,,32.6031,,141.7202,42.1079,,,52.3132,46.1764,,54.4059,42.8486,,,37.0551,,39.6003,31.9039,55.7184,1179.9388,,,,32.6088,,31.9482,44.3847,87.6839,,62.0538
1dd84937da,34.3370,,19.1311,,,29.3814,26.2969,,,36.3043,41.8015,,,,,39.4968,,,,,,19.4841,,,,,,27.5444,124.4304,34.3215,35.9077,,,,,,,35.0776,,23.5339,,23.9792,,,20.0000,45.5851,43.3974,62.2230,,,,11.9959,,,,,30.7778,22.7596,,55.8534,32.2380,45.9248,,,30.9121,,39.4575,,,,,,83.6660,29.6791,49.2502,38.8757,21.6646,,22.9033,,,50.0869,35.7201,,,27.3481,,,45.1086,45.9933,,59.4559,,,,,42.8309,22.5726,41.7395,,73.5935,,,,338.3785,45.9323
1e40b494ef,,29.1043,35.6487,45.0146,29.7818,26.1574,20.3235,30.8482,47.0594,,,34.8807,20.4495,63.2648,50.9902,45.7868,27.9881,59.8421,40.4145,,27.9029,26.5954,14.2725,19.2841,40.5477,,30.8957,22.8035,56.0258,36.0555,28.3772,35.2630,43.8341,18.0810,45.0157,29.8923,26.8742,39.7273,22.1108,27.2246,38.7018,24.2015,,24.8998,25.1360,47.2478,37.3651,42.9341,46.2435,25.9808,23.2513,15.0756,54.7152,45.5272,,17.4198,24.4365,22.5990,14.1421,45.5217,35.2282,,24.7052,25.2810,34.9085,24.4949,,30.8697,,,,38.6341,75.4755,,28.8231,27.6199,19.2873,43.5465,28.4103,65.4124,46.9042,,38.3305,85.0432,31.9374,40.0000,,37.4660,35.3181,41.1597,49.9629,,32.1248,28.3549,441.7843,1794.8538,42.5441,,59.3817,23.7669,39.8808,33.7474,34.1940,38.2213,346.2658,63.6099
210ed59bca,32.4491,,27.0501,,,23.6291,27.6887,,,27.3627,28.0827,,,,,36.0555,,,,,,21.6401,,,,,,23.3605,36.7643,35.7707,37.5278,,,,,,,18.2859,,76.0611,,17.4608,,,18.0607,48.9898,31.2339,45.7738,,,,15.6470,,,,,24.3086,30.6079,,46.7143,28.7329,62.3813,,,24.6337,,105.8623,,,,,,112.0268,36.5025,148.3047,25.2789,26.4575,,27.8701,,,33.1662,40.9765,,,25.2982,,,55.4777,63.4475,,49.7821,,,,,26.7375,23.8416,44.1033,,77.5954,,,,223.4854,45.2838
2648b1ae09,43.6064,,28.4837,,,33.1662,37.8362,,,27.6433,26.8524,,,,,36.4751,,,,,,35.9526,,,,,,22.0251,37.6026,23.3809,31.0036,,,,,,,30.4512,,23.3839,,28.2843,,,25.0555,63.4732,42.6261,45.1067,,,,12.1976,,,,,21.4713,27.5823,,42.9715,41.2098,42.5572,,,29.0065,,146.2439,,,,,,148.0440,51.1972,58.5514,23.3376,25.1992,,31.6228,,,47.1267,36.7171,,,31.7905,,,52.0229,48.8225,,51.1821,,,,,45.6305,37.9536,77.7525,,56.3776,,,,310.1086,48.6156
26d3c6c356,,34.6410,,41.8149,36.4496,,,21.1640,41.0128,,,24.9878,72.8197,39.5230,88.0705,,27.7812,209.6355,40.3699,24.3584,40.5817,,17.0139,20.1964,41.0623,86.8301,48.6325,,,,,31.8614,36.3766,23.8389,26.9366,29.7856,15.4919,,22.7940,,28.9677,,17.8730,25.2050,,,,,57.3038,24.4949,23.9046,,67.8759,76.0611,27.2298,15.6492,,,21.4087,,,,32.3522,18.8484,,22.4621,,29.0767,49.2161,51.6129,34.9025,136.6539,,,,,,21.1542,,96.7722,50.1536,,,65.4726,29.0500,,62.5227,35.9843,,,38.8290,,38.7613,43.9405,58.6955,426.3725,,,,24.1091,,35.1505,57.3856,55.2494,,49.9136
2741c294fb,,36.3803,,41.3003,32.5657,,,29.8259,43.7065,,,62.3941,32.5657,63.7798,53.8969,,31.2968,243.0559,61.8572,25.7447,38.9310,,17.6298,22.8841,35.7601,113.7871,32.5786,,,,,42.7395,31.0913,19.6481,21.4794,29.3987,51.9294,,21.4679,,31.5524,,23.2832,27.8687,,,,,51.6047,21.3437,17.8227,,145.0729,115.5013,15.8114,16.9115,,,19.1014,,,,21.4476,17.6218,,32.8138,,39.7979,44.6894,37.8342,38.8470,38.6958,,,,,,27.7621,,109.3161,53.0640,,,66.5949,50.9668,,117.0185,49.3910,,,39.9390,,35.2910,39.6003,52.0577,513.5725,,,,28.2073,,22.7462,43.5890,50.8391,,54.0209
287df895d5,36.2604,,,,,,,,39.0112,,30.6742,69.6120,26.1985,73.5818,,,23.8048,70.5140,27.0555,,41.2729,21.7695,25.7481,21.7760,38.4831,,25.7307,30.9005,117.9866,,23.1146,,24.7581,24.5835,21.4920,,25.3969,,21.2603,,36.4434,,18.8982,27.2947,,,,,,24.0265,24.2301,20.0000,62.8393,120.3467,,19.5959,24.4949,22.1880,20.9497,46.9042,23.7697,,32.5253,,20.8167,29.5804,,23.8485,,,,,99.0215,,35.9092,42.1900,20.3961,21.3664,,76.0920,48.9898,31.3721,29.5334,76.7333,,23.5907,103.2175,,35.5668,96.2388,49.0953,,,33.0584,57.3973,409.5070,,,65.0854,,,35.0000,41.0881,,357.2931,51.5473
288fa83cd7,30.8896,,34.4436,,32.0590,,,22.8218,37.5119,,,80.9056,,50.4645,69.1215,43.0393,29.8329,144.4022,,,16.8585,19.2841,18.4637,19.1185,60.5280,,26.8457,23.6291,171.7303,32.1591,78.8855,36.2859,22.0501,,20.0000,29.1824,26.9615,,20.4302,19.2507,32.3817,,15.6205,27.6586,26.9502,,38.9960,39.1742,,24.8998,23.4216,21.8386,63.6723,164.9793,,9.5860,21.5849,21.3140,,41.5443,23.8273,112.6121,25.4296,45.1794,27.2196,34.9857,53.2722,28.0755,,,,,194.9847,,50.6050,,,23.9317,,,35.5382,30.0000,38.6086,118.6477,,36.4751,64.8074,38.1134,50.0454,59.6983,41.0196,,,,217.6787,,32.3751,,57.2653,30.1846,37.1484,53.9841,,,308.1396,51.5582
294fd820c9,30.7724,,48.9314,,,33.2851,13.7980,,,25.4951,35.7641,,,,,28.3333,,,,,,30.9673,,,,,,20.1384,131.8198,129.4285,31.8715,,,,,,,35.5367,,31.6228,,22.0794,,,20.8167,80.8879,35.7071,60.1015,,,,11.9137,,,,,35.0510,26.2077,,44.1983,32.4037,447.0411,,,26.0851,,50.0454,,,,,,145.5163,43.6218,49.3077,36.2629,17.0731,,31.8733,,,41.0510,34.3037,,,29.6742,,,52.5991,59.6943,,42.6662,,,,,44.8771,27.7434,39.5811,,65.0641,,,,184.2929,56.0342
2cce389771,26.3761,34.0955,38.3797,44.7627,29.8481,36.6970,55.9567,27.0006,39.5012,28.5774,32.3465,26.7875,35.8944,56.2139,55.8283,29.9314,25.7702,70.3099,32.8295,22.0085,39.5149,35.2630,18.4072,20.8893,48.7787,72.2595,28.4641,23.8298,213.6305,33.5942,36.1013,38.6949,30.6622,19.2945,21.3809,33.9347,21.4970,31.5491,23.9732,21.1945,39.5378,24.5429,19.5859,21.9504,22.3268,58.5314,44.3095,46.5800,54.4059,24.4233,19.1982,14.1789,62.2036,61.5971,,16.9177,35.4014,31.8755,24.2186,52.1442,32.3803,318.2511,49.3902,20.9762,29.9705,24.9122,63.7154,30.8896,50.0701,48.1209,37.3175,56.2276,104.0356,48.3249,40.7340,34.9589,26.2679,35.5445,23.4521,205.7353,52.8162,58.2745,35.9563,63.4035,39.6940,34.8667,389.2149,69.2543,48.1209,48.9087,46.5698,66.5296,26.9005,70.4801,53.0930,2107.8528,46.5790,24.2899,76.6965,24.0978,43.1504,35.2091,48.5226,59.3992,243.6973,70.4886
30ea149df9,48.3812,,,,,19.7484,,,41.4955,,,97.8366,20.9268,,,,27.6073,48.5798,27.6656,,23.9792,17.7591,18.2248,18.4637,37.9359,82.6403,22.4465,34.6875,97.2565,,35.0999,34.3854,24.7207,18.4155,17.3860,29.7321,,17.3205,33.4996,30.8957,31.9856,,12.0605,,18.7083,,48.7205,,25.8492,23.2279,25.3935,23.8747,49.7326,,,19.6116,30.7409,25.8070,,,33.5162,141.4868,,24.2384,29.8715,21.7503,94.8432,30.6001,67.1855,,,37.5905,45.0925,,46.1880,,,20.3810,21.8218,225.8779,36.1109,,36.9865,,,21.0042,,,,61.5900,36.3741,,,,66.6667,,,,30.9839,,,28.6356,38.1980,,301.4548,44.5363
323b579004,29.4746,,48.2889,,,28.1480,22.2884,,,33.2242,45.3163,,,,,34.2174,,,,,,31.1942,,,,,,25.4951,108.9276,28.6244,35.7211,,,,,,,28.7021,,18.0907,,26.0916,,,25.7391,49.7594,46.8221,32.9421,,,,20.7020,,,,,23.6234,22.0907,,51.0218,38.0562,114.7777,,,36.4133,,76.6542,,,,,,136.6163,36.5941,67.8847,30.4898,29.5367,,26.8185,,,37.5984,36.2604,,,59.2582,,,40.0999,53.0283,,45.9468,,,,,53.1213,26.8328,36.9169,,39.7995,,,,313.1626,48.9175
32d56c49ee,28.3196,,30.6672,,,36.8139,36.3766,,,33.5123,31.0425,,,,,36.4104,,,,,,27.5162,,,,,,51.4920,23.2249,30.8573,42.0416,,,,,,,30.8221,,45.6356,,23.2916,,,26.6557,58.4673,41.8045,,,,,10.6256,,,,,24.8911,23.4521,,31.4504,28.8675,367.9015,,,25.9119,,106.1236,,,,,,75.5762,36.7781,79.8140,41.2614,28.0079,,22.5677,,,46.3980,38.6983,,,58.1132,,,53.3727,51.8046,,67.2439,,,,,34.3891,34.3854,30.7571,,40.0000,,,,283.9104,52.9594
337420936c,37.5585,,31.4294,,,19.5061,12.4097,,,47.3814,18.9859,,,,,34.2315,,,,,,22.8583,,,,,,27.5162,122.2191,24.8175,52.6948,,,,,,,42.0678,,65.7702,,25.5930,,,21.7798,42.7200,39.9404,36.5997,,,,10.8012,,,,,25.1360,21.6857,,56.6689,43.1601,86.9154,,,26.6327,,38.0490,,,,,,41.3320,36.1678,49.7214,27.1109,22.3131,,35.4516,,,41.0226,31.4340,,,43.5571,,,41.8491,77.3178,,55.5103,,,,,37.7060,44.1416,38.6771,,72.6896,,,,270.5226,45.4921
370e494d8b,,,32.0000,48.6973,26.3391,22.8910,,23.4521,46.1364,,30.3942,41.9921,,152.6434,45.8753,,11.8322,73.2989,45.4799,,25.2605,19.0029,16.0255,19.7814,,98.2627,,36.7946,193.8888,,33.1342,37.0435,22.5060,,22.3296,28.6684,21.5058,24.4949,24.4438,35.1781,33.9116,17.7281,14.6566,25.6905,25.9554,,45.3229,32.4286,36.7423,26.9357,23.1405,13.2288,,34.6410,,,24.9230,23.7595,,33.8728,30.0000,290.1724,31.8198,59.6750,21.6465,25.5898,,,,,,38.4353,93.4024,,49.8145,28.8675,,33.4034,19.7714,122.3837,53.1583,22.6505,22.6505,67.5431,48.0416,,,,40.7319,51.9972,61.2001,68.1576,,33.1662,94.2421,1183.2653,38.5307,,,,,,39.2641,,234.6371,63.5626
38bb31ac7e,23.8328,,29.6648,,27.0801,23.8298,34.0385,28.0394,35.6453,,,37.2678,32.7109,93.3302,74.9444,,29.7009,76.6109,29.1824,,30.6970,16.9177,27.2129,18.1871,39.6337,,24.4505,28.4605,235.5844,,24.3374,45.6618,37.7636,,15.7321,31.7707,16.9558,107.7638,25.6905,72.5039,32.8295,28.5243,17.5810,25.0555,22.2427,53.8516,,,65.4435,27.8733,14.9509,15.6670,39.0937,33.6425,,,27.6340,25.8407,27.6056,38.2608,31.0623,100.8960,22.8416,21.4154,24.5607,23.7847,110.8839,26.2769,,37.3497,,49.3785,111.3553,,42.3962,32.2169,24.6644,29.4392,27.7302,,60.8863,48.5994,26.1861,57.9591,,43.8613,,70.5084,59.2171,55.9061,52.5226,,,42.9221,96.5401,1499.0960,37.3274,,50.7748,,,34.7804,56.9561,59.9206,334.7559,65.1391
39e67e794e,,30.2264,,43.9367,32.9811,,,22.5294,43.3590,,,84.6920,32.9192,77.4257,45.6841,,27.1143,273.0221,55.3244,29.8848,35.2265,,15.3393,26.1472,33.0430,61.6285,26.1352,,,,,40.1782,30.4354,26.1406,28.4666,27.8134,27.4073,,24.4256,,28.4605,,18.3450,36.8041,,,,,28.8185,33.9424,28.3645,,67.4976,49.5087,,14.2929,,,23.4094,,,,28.0679,21.5570,,34.7720,,24.6841,56.3428,47.8496,28.4576,35.8495,,,,,,15.1998,,122.5922,61.3621,,,62.0340,58.3407,,75.2034,45.2375,,,49.5751,,46.1680,32.0992,44.6954,1095.1062,,,,23.2448,,34.0588,46.5027,44.8688,,61.0800
3c6098b4a1,,42.8174,31.2440,38.6005,,29.4392,,28.7518,34.0000,,,36.9362,20.5603,109.1199,98.8111,,29.0191,88.6436,37.1612,,30.6050,23.1189,19.7037,21.2132,30.7161,,23.1661,32.7165,165.5879,22.4377,29.6532,42.9389,47.9583,,28.8173,34.6834,25.4524,,24.2165,32.8507,43.0369,23.8747,21.3307,22.0671,15.8800,,,50.0345,,21.6954,20.0000,13.2288,63.3584,40.8463,,22.0269,24.2899,26.4181,19.6396,41.3023,25.4196,111.9874,30.4594,,24.9828,25.2727,56.6745,30.9839,49.5751,,,49.3288,99.0144,,86.2434,31.7805,23.2993,25.8915,30.0000,36.6348,51.6398,25.7519,35.2630,59.7016,30.9031,37.9850,61.7599,,39.4889,61.5394,55.0325,,,40.1782,73.2575,2223.6894,,,52.6519,19.0788,,,45.2309,76.5369,281.3338,71.7318
3d341de01f,,,,,,58.8986,64.0857,,55.5492,,36.1814,68.5703,27.5882,47.0618,,42.1900,,77.0395,55.6776,65.7195,,47.4619,,27.8152,,,,,,,,,,,,,,,,,,,,,,,,,,,,,,,,,,,,,,,,,,,,,,,,,,152.5694,,,,,,142.2490,,,,98.2250,,,,,,,,,,,,,59.8062,,22.9331,,,,,,,63.8679
3de29d2b0c,,,43.3333,,,,,,,,,,,,,,,,,,,,,,,131.1928,34.9149,,,,29.2499,33.0824,,,,18.6445,21.1148,,,,46.4220,32.6439,16.4570,,,,,,,42.1966,,,,,,,44.3075,48.7280,20.0000,45.3114,,,130.0350,,34.1565,22.0907,,,,,,,47.1593,,,,,,,,67.0554,,,,,,34.0955,,,,,,,,,,,,,,,,,,,44.8663
40c97e52dc,40.6202,30.9377,22.7021,39.4968,31.3392,27.5928,28.5874,25.3398,33.0210,30.4512,23.8366,40.3295,24.0725,123.1118,39.0080,29.9122,28.8018,67.7987,41.1377,39.4277,31.0772,19.6176,14.8805,19.5982,52.5738,254.3166,31.4907,24.0710,136.6309,21.2916,33.4798,38.3271,23.3046,18.7083,24.3943,35.5993,20.3101,33.7332,19.9509,38.6123,33.6403,22.3098,16.5076,22.9907,20.7931,41.1759,41.1733,55.7237,40.6388,27.0161,19.7037,14.8980,50.2402,36.9488,26.7706,17.3205,27.9567,24.5273,24.9571,93.0674,33.1260,231.8653,22.4846,42.9950,26.4575,25.4165,66.2108,30.5505,44.2396,43.8376,26.5184,37.2072,94.6848,,46.1880,36.1581,24.0471,21.3037,18.6126,143.3091,49.6991,29.2898,52.0328,56.1343,33.2866,30.4959,81.1524,85.1624,40.3613,41.2606,40.2492,54.8938,61.7498,41.1096,90.4586,1130.8741,52.8813,41.1207,55.1830,18.7867,27.6385,31.9647,44.4410,48.9412,225.1100,55.7437
41b75436d1,26.2543,,49.9600,,,36.0000,,26.3818,53.5130,,,,,,63.9633,26.4575,34.8395,138.7935,,12.5831,41.4856,65.4408,34.0168,,130.1223,100.3432,,62.3772,73.9369,,24.0992,,26.7989,22.8035,39.0759,31.0425,27.1163,,20.3961,21.0819,62.1216,30.2429,15.5212,,21.9089,,,52.2357,,40.0925,25.5650,10.4447,66.2032,,,,,44.6654,32.1926,,37.0172,686.9073,25.6125,,,21.1224,,,,,,,,,,29.7209,,49.9130,,63.5835,,,,43.3013,,35.5668,,,,,43.1498,,,126.4120,,,,,39.2046,,,,50.2625,,37.7492,57.5920
43c3c45683,,26.1781,,49.1442,28.8194,,,23.9681,40.1218,,,34.5722,36.7781,49.7265,83.9926,,32.0256,233.7282,32.6206,32.9905,42.9588,,17.4679,20.9891,36.0147,199.5444,28.0827,,,,,37.4570,45.5321,24.8718,20.8337,26.4575,24.1091,,28.0140,,35.7966,,15.0438,21.2824,,,,,60.2514,32.4848,15.7661,,66.5890,137.0342,,18.6011,,,26.0342,,,,34.9762,55.1621,,23.3839,,32.1131,51.8205,42.1223,25.0416,45.1777,,,,,,30.4439,,271.1671,68.1175,,,60.5655,41.8899,,122.0938,69.8928,,,46.1790,,26.8962,59.3928,123.0628,1048.1202,,,,28.7904,,27.3861,50.6623,53.7086,,68.7341
4625e19e52,,39.1752,,37.5995,31.4733,,,23.2737,48.0302,,,32.7569,42.1519,59.2412,38.6478,,34.5413,196.5915,33.9786,31.9281,43.6358,,17.5219,20.5382,34.7498,154.1228,28.6773,,,,,41.3261,28.7649,19.4541,16.9775,25.8418,19.5698,,15.6097,,26.7615,,20.0000,72.1688,,,,,68.9309,27.4187,19.2154,,91.7537,106.6406,221.3143,16.7411,,,22.8739,,,,28.7417,21.5501,,30.5753,,26.0298,52.0290,39.8609,41.0628,124.7110,,,,,,19.8298,,259.0778,47.9969,,,69.0959,30.5505,,66.6920,44.9171,,,43.9435,,42.1469,42.0772,53.7444,1609.8438,,,,24.5245,,26.0713,46.1880,51.7687,,76.2791
476dbdc2d4,,40.4520,,38.8403,23.9046,,,36.2027,33.9305,,,67.6344,29.1071,79.1924,82.7574,,40.6675,228.0664,29.8142,28.5299,35.9687,,20.3909,20.9008,26.8860,79.7364,31.6914,,,,,41.3656,26.2368,19.8806,22.4621,39.3383,19.4273,,19.6783,,34.8010,,14.3270,26.9531,,,,,72.2386,31.9951,16.4225,,54.7528,111.9445,33.2689,14.4914,,,29.9523,,,,22.1359,62.7554,,26.3695,,20.4939,49.0160,39.0080,27.2888,44.8609,,,,,,17.0970,,145.9628,49.8154,,,62.9058,50.3887,,131.8711,31.4024,,,44.6353,,57.1714,27.6457,50.9010,1670.4531,,,,35.1592,,40.6612,49.9354,50.0250,,72.3306
488dab2982,16.7332,,27.5299,,,35.3925,13.5401,,,31.6228,24.3975,,,,,46.9707,,,,,,16.7332,,,,,,20.2920,28.3945,21.4679,65.6640,,,,,,,32.7872,,31.0913,,28.4697,,,19.6396,38.0058,38.2575,52.2813,,,,12.1106,,,,,30.8957,24.1704,,64.1056,23.1254,85.2447,,,25.9119,,82.8654,,,,,,122.9724,37.7124,49.7214,41.8015,24.9347,,30.7318,,,58.7117,32.6599,,,34.7926,,,48.8621,44.4008,,86.3260,,,,,27.6887,25.4951,68.0074,,74.8331,,,,274.0641,45.9413
4c26379220,13.5225,,36.1068,,,24.0992,21.5322,,,21.7503,18.7083,,,,,45.0603,,,,,,22.1108,,,,,,26.7842,139.0380,33.5162,26.0177,,,,,,,39.0803,,40.7738,,29.7521,,,25.8915,47.9583,25.4634,40.0446,,,,15.2177,,,,,27.8388,33.1059,,67.1317,28.8469,107.3651,,,27.6457,,47.2703,,,,,,106.6732,45.5979,66.5520,27.4199,24.0832,,33.9643,,,50.4975,35.1019,,,26.2099,,,31.0913,117.4147,,74.2428,,,,,36.7204,28.8926,41.4090,,27.7128,,,,293.4212,47.6963
4c6bc3410e,27.7555,,,,,,,37.7402,62.8129,156.4872,,,,,,40.1248,,61.1840,,,,44.5814,,,,,,,87.1397,,148.6876,,13.8170,25.4000,,42.1449,,,,,,30.7123,,,21.5639,,,,,,,17.3205,50.5109,,,,,47.2456,,,70.7955,,129.8189,,,,,33.4392,,,,125.4769,,,,,,,,,,,,,,,,,,,,,,,,,,,,,,,,,,60.7028
4d4c537e8c,,,36.7696,36.5417,,23.6878,,31.6980,27.8388,,,37.8394,,,48.2059,49.3771,34.1278,161.4223,50.7221,,24.4268,23.3452,20.5688,,59.7390,,,19.3410,132.7435,28.7228,29.0320,37.2339,22.1282,,27.9610,27.3290,26.4575,25.3722,16.8485,21.2867,42.6549,33.3485,13.7649,25.8538,21.8466,,43.9968,32.5320,,26.1406,26.5147,19.7419,63.4118,,,,32.7236,42.9787,18.9737,41.8590,26.8225,,18.0278,29.7818,30.6910,27.7489,,23.5850,,,,,96.9278,,240.0463,28.4800,,31.1736,,239.6159,46.7516,,40.4145,,35.0325,19.4936,,58.0322,,46.7460,,,,39.0896,86.0233,,37.4166,,50.2908,22.5990,,29.7769,45.1387,,265.0634,47.4907
4f4f8b6183,,35.1620,,39.2953,28.6356,,,28.1712,48.4907,,,29.8009,30.1348,37.9728,49.6655,,31.0348,83.0376,63.0530,44.9495,33.6792,,14.9775,20.5836,47.4769,192.1226,24.8911,,,,,44.1416,29.8408,19.3499,19.2472,35.8469,19.9192,,19.8956,,34.7393,,15.7708,26.1315,,,,,54.1672,20.2759,20.4939,,82.4621,40.2078,,16.8034,,,26.5100,,,,25.8407,22.1834,,35.1704,,27.8243,85.5191,46.0024,31.7630,56.2420,,,,,,22.6385,,70.9641,63.4210,,,77.2904,35.1866,,208.4277,34.4927,,,34.5033,,37.6070,47.4984,51.8411,712.4145,,,,17.4456,,29.8100,52.5882,49.3710,,54.7497
50da899b0a,,27.0620,,40.9878,38.2608,,,37.2419,55.0454,,,22.4179,57.2761,51.5128,67.6613,,30.3822,56.9553,35.2597,27.6486,39.8434,,28.6999,21.7781,50.3322,83.2087,22.7462,,,,,34.4147,27.8498,21.1058,26.5832,30.0427,14.6217,,26.4977,,39.4783,,14.0463,27.6715,,,,,78.9190,29.5200,29.8089,,141.3860,30.9377,,21.4761,,,27.4095,,,,29.2689,26.5543,,24.9444,,22.1432,66.1139,65.4654,30.1546,36.0975,,,,,,40.9938,,212.9666,53.4129,,,55.0757,36.3856,,89.3029,41.7133,,,43.0273,,21.6192,81.7939,100.8110,541.1683,,,,30.0370,,25.0777,47.5044,85.3961,,53.7186
5259f9c4a2,,,,,,,,,38.1846,,,47.5000,,,45.9515,,36.4133,,45.4423,,,,18.7824,18.6378,40.6761,,,23.3699,23.8416,36.1814,62.7163,,20.5334,,24.5500,37.8731,12.1395,32.7198,,,23.9317,26.7842,18.6677,,,,,,17.0783,21.5271,20.4782,12.1716,50.0000,52.8653,,,29.3939,29.4392,,40.7004,34.8010,,27.4469,103.1181,32.8387,,,,,,,,,,51.6236,,,19.1485,41.6333,,49.3457,,35.2265,,,,,,43.7451,81.3206,33.7980,47.3085,,,116.1357,353.5208,,,52.8824,23.5230,,,40.5762,49.3457,241.0441,48.7129
594f5b2622,43.2435,,32.5960,,,30.4665,12.3288,,,29.3684,31.9520,,,,,28.8345,,,,,,28.0179,,,,,,31.8030,25.0624,26.2467,33.6516,,,,,,,42.9432,,30.1008,,22.9674,,,22.7021,59.9775,40.7203,,,,,14.9443,,,,,24.5897,22.6530,,53.6190,51.2569,272.7534,,,34.0518,,84.7218,,,,,,71.3754,51.4125,47.8318,25.3271,22.9245,,44.4262,,,39.6412,33.8378,,,25.8695,,,55.4344,56.3187,,61.5912,,,,,28.4999,25.4000,71.0915,,40.1349,,,,271.4511,48.9335
595353669e,,31.6667,,32.5847,28.2322,,,46.2647,47.4634,,,39.5400,37.2356,49.7661,96.9665,,30.5924,211.1105,49.1275,26.6288,42.8060,,16.3299,18.0278,32.2933,247.8274,28.2843,,,,,153.0444,27.9881,24.5412,27.0539,28.3725,24.8328,,20.3306,,38.2160,,17.1638,27.0977,,,,,85.4818,27.1314,24.3193,,93.8810,45.9654,46.3681,12.6801,,,20.2073,,,,22.2159,25.9417,,26.7634,,31.7662,55.0291,49.0703,26.8652,44.6035,,,,,,18.8108,,256.5197,46.1047,,,87.8821,42.1166,,68.4523,40.5728,,,47.0134,,43.2750,46.4416,44.6164,1922.1355,,,,20.2699,,36.5148,39.5811,64.9655,,81.3926
5d0cdb8e6a,31.8198,,28.9562,,,42.1198,20.7666,,,32.0806,28.2232,,,,,39.2938,,,,,,21.4303,,,,,,20.1133,49.5434,37.8746,49.9629,,,,,,,35.4837,,26.5568,,21.9265,,,19.6261,58.5314,28.1577,35.9066,,,,20.0000,,,,,34.9489,26.8483,,62.6213,47.2703,325.2424,,,26.2613,,103.1069,,,,,,112.6018,44.9521,57.3730,34.4741,27.9161,,23.0707,,,40.2266,41.0139,,,28.3549,,,47.9583,181.5673,,54.7114,,,,,54.4576,35.1781,46.6211,,42.1426,,,,305.1733,55.7379
5e09950752,,,28.7914,38.7298,,34.2881,22.7021,31.1836,41.0654,,,29.1843,27.3861,61.2178,,,27.0801,76.7280,47.3654,,30.6866,23.5147,17.4005,23.4153,42.7327,55.8000,25.2088,30.2765,158.6735,38.4522,34.3411,28.1859,32.0092,21.4994,22.8035,37.9327,26.7706,,16.0078,27.5882,34.5629,,16.5050,27.9422,20.7020,,46.6190,,,25.9720,19.4936,15.8114,34.9603,123.7864,31.3202,,29.3548,24.0906,19.5402,34.3996,31.2358,,28.0942,27.9422,29.9073,23.8048,53.5978,29.7357,,,,57.3080,117.5558,,25.8457,37.4700,,30.7596,38.8470,64.8074,41.2667,26.5684,40.3944,54.6022,28.6832,36.4417,,49.5892,32.9690,58.1664,34.5447,55.0175,,58.5630,76.6159,1220.7293,50.6139,,46.7829,28.9316,,26.5361,43.2503,,255.9687,56.5904
5f55739172,,,,,,,,,,,,,,,,,,,,,,,,,,,,,,,,,,,,32.1219,,,,,,,,,,,,,,,17.2133,,,,,,,,,,,,,,,,,,,,,,,,,,,,,,,,,,,,,,,,,,,,,,,,,,,,,,,24.6676
5f68b98ba5,,,28.4445,51.1448,,,,,42.7005,,,51.5664,,,31.8198,38.1257,30.1511,59.8013,26.2467,,17.6777,64.2112,23.8048,21.5211,60.5392,,17.7951,30.8573,15.5839,,21.4679,,34.7681,,29.5907,26.1745,18.2093,,15.1801,,12.5357,28.8675,18.6721,27.6887,,,26.1116,,27.2416,20.0000,26.1652,16.1466,31.6946,72.1110,,25.7737,22.6635,22.8891,,71.4461,68.9966,41.3068,,,26.6288,36.6288,50.6116,25.6038,,,,,,,206.6978,,22.4577,15.7359,37.2492,,50.1848,,41.1096,59.6657,,20.3909,,,,158.3903,42.3307,,,42.1449,95.0232,1124.7111,25.9370,,,32.6991,,,42.5441,,263.6199,61.2796
614b26c387,,34.3854,,,,,,28.6893,35.0397,,24.4097,63.8891,25.7121,,37.8211,,28.0692,70.5642,,,31.7156,18.9128,19.1150,,,72.6798,24.3374,23.2266,117.3720,,23.9658,35.2767,26.4919,,24.9561,24.9241,38.3592,,18.0278,23.2632,30.3315,,18.8414,,,,27.4469,47.1699,39.7995,18.9297,20.0000,20.6512,79.8640,183.1211,,,,17.2271,,42.1977,35.0397,81.9613,30.4138,19.1485,29.7909,24.5459,44.9382,47.4342,,,,,93.5657,,42.1900,,,25.2982,20.9554,67.8568,42.6503,29.0593,29.0517,73.2575,,55.6776,,33.5942,54.0202,44.7214,55.8814,55.4256,,36.4005,32.5222,1954.9936,,,31.2461,27.7923,,,57.6318,,30.4863,70.0657
63f3e762b2,,,,,,,,29.5200,,,,60.3692,,,,,36.3624,,,,,,,,,,,,,,,,,,,,,,,,,,,,,,,,,,,,,,,,,,,,,,,,,,,,,,,,,,,,,,,,,,,,,,,,,,,,,,,,,,,,,,,,,42.0839
655ef447ca,,30.7989,,42.0784,29.5057,,,35.3553,38.0966,,,51.2177,31.2881,68.7127,58.0230,,28.8675,58.4998,34.8516,29.6099,33.7549,,15.8114,22.1834,49.8716,54.7723,27.5839,,,,,27.1038,31.1784,23.0772,22.3607,57.2542,19.3218,,28.7228,,33.2644,,19.4145,16.9148,,,,,52.2668,27.3861,20.9762,,102.7073,143.3857,26.1116,13.7113,,,25.8896,,,,17.9815,23.3333,,31.4718,,29.6332,60.6469,46.9042,33.7832,48.3800,,,,,,16.6015,,101.7584,46.9588,,,82.8922,48.7995,,115.8933,67.0629,,,38.4212,,45.7070,35.3726,88.1129,1655.3562,,,,20.1525,,26.0768,88.0341,52.7208,,69.7375
67182e2755,,36.0975,,40.7781,32.9140,,,27.2888,37.6829,,,72.9971,44.4651,58.1255,90.2448,,30.9673,157.4569,39.3700,29.6883,42.6102,,23.8630,18.0278,24.1523,80.0160,30.7852,,,,,40.1337,32.2717,27.9881,22.1565,37.6116,16.7332,,20.6799,,35.8081,,17.6963,22.3607,,,,,71.5891,23.0159,19.0201,,63.2263,121.4254,28.3284,17.0880,,,23.7410,,,,25.8199,28.4235,,23.6931,,24.8022,46.6792,47.2200,40.1110,48.2249,,,,,,57.9614,,217.5353,43.3714,,,48.7451,36.3012,,95.8049,31.0018,,,45.7698,,37.3480,23.4273,53.7953,322.3051,,,,29.2458,,37.3855,43.8178,63.2456,,49.6793
677deb97c4,,34.8104,,41.7274,33.8683,,,14.7196,49.1288,,,63.0948,38.6618,41.4729,35.5087,,11.4564,59.9621,36.7781,28.6190,45.2079,,16.6667,14.5095,35.3137,73.9488,16.1515,,,,,37.2492,16.3836,24.7717,20.3235,27.4773,30.2214,,27.5839,,25.5841,,16.5434,96.1922,,,,,18.3402,28.9282,21.4202,,86.7029,107.7306,20.8893,13.6083,,,24.3872,,,,25.2982,20.2614,,35.4562,,18.3110,44.1858,40.8463,22.6385,36.4692,,,,,,35.1866,,197.1463,50.4975,,,42.9198,40.0000,,67.6387,78.7401,,,30.8221,,33.5572,37.7191,34.1870,415.0904,,,,26.6213,,34.3891,50.0000,56.1249,,46.0664
68bb2a9acf,,,31.6228,46.3681,,20.3381,,32.3179,,,,34.1022,36.3842,102.0723,42.4799,39.1711,29.8142,43.5890,24.2791,,32.2817,16.3299,17.9050,19.0029,29.3057,,33.6650,21.6025,133.6039,,37.2429,29.0593,18.0907,21.6375,21.0042,34.5171,21.9427,25.6905,19.5959,34.0777,27.8687,,,23.9565,21.1224,,,,52.3927,23.2857,17.3205,12.6364,76.2193,43.6981,,18.2574,31.3172,29.4782,,52.3303,34.6771,,24.3975,69.7711,27.0801,22.4695,33.0977,,,,,,85.8050,,63.3246,,,20.1039,21.3112,80.2185,40.8619,,41.3208,,,,,49.0682,59.2453,44.9579,42.4264,,39.3171,33.0151,201.4572,1585.2264,30.1780,,36.4068,24.4949,,23.6487,46.9929,61.5159,283.7923,64.8614
6a4cb0b729,22.8473,,28.4235,,,32.6234,52.7997,,,27.7812,41.0575,,,,,30.1348,,,,,,24.2899,,,,,,32.7872,82.6136,28.7518,30.3488,,,,,,,31.7214,,39.3156,,29.4958,,,26.7117,51.0882,50.1857,51.5752,,,,30.5857,,,,,22.1467,25.3622,,38.7592,24.0738,194.0146,,,22.1610,,40.3395,,,,,,144.7220,45.5299,51.1262,28.8262,24.5816,,24.0535,,,38.0976,38.6958,,,41.9524,,,33.8906,95.1865,,56.4245,,,,,30.0000,38.7298,46.1455,,62.6140,,,,273.7536,49.6892
6a9521be99,,47.7297,,,,,36.3169,,,,,,,71.5415,,,31.7980,,96.2924,,,41.3118,24.0000,,,,,,153.1058,,65.2495,,58.6561,,43.1084,,,,23.2737,,23.0384,23.3550,18.2066,,,84.2615,,,,31.4643,16.3299,,140.8900,52.8700,,,,50.7445,,,,,121.4790,,,,161.5146,,,,52.2645,115.3776,,58.6150,73.6546,,,,,,,,,86.1846,,126.3386,,,,,,,,,108.7521,,64.2218,42.6712,121.4877,,,,109.8139,,,69.8800
6c9a64d0b5,46.9486,,30.6435,,,20.0000,16.8325,,,53.1220,25.3076,,,,,46.1120,,,,,,32.3472,,,,,,38.6221,93.5620,23.7580,57.0964,,,,,,,39.3327,,16.8034,,21.1844,,,25.0128,40.7567,32.3866,40.7488,,,,16.0208,,,,,37.0649,28.7786,,48.4883,29.6099,200.9699,,,24.2618,,82.7849,,,,,,92.5263,33.6526,61.0854,27.1944,24.7597,,36.9160,,,47.6095,35.7839,,,28.7711,,,31.2694,93.5414,,47.6845,,,,,52.3918,32.8991,52.0000,,39.1933,,,,59.9495,44.6769
6e1346d59d,25.2088,,29.3762,,,35.0000,25.5289,,,48.0699,32.9502,,,,,27.7639,,,,,,40.6430,,,,,,30.5505,19.5604,50.1783,32.7236,,,,,,,22.6505,,33.7639,,26.3874,,,27.2845,45.6892,35.0661,34.3188,,,,10.0000,,,,,29.6648,24.8193,,31.0728,75.4747,287.3189,,,26.4575,,55.3360,,,,,,142.2293,46.0525,63.6553,24.0535,22.3607,,34.4342,,,38.1051,41.8728,,,31.1378,,,59.7614,52.8800,,35.1568,,,,,38.7298,31.0679,58.8118,,33.9683,,,,271.2702,49.7365
6f0839a53d,35.3372,,,,,,,,36.0555,,,61.2041,21.6930,,43.4511,,32.2490,76.7300,,,,19.4936,24.4949,20.1246,43.4391,,,18.9737,120.6125,55.6776,34.8911,23.4521,23.2993,,23.9046,,16.4992,,23.4177,28.4495,33.0621,25.3546,9.5119,33.6650,,59.8243,,,,17.1679,30.9447,54.6417,43.2600,,,15.0860,25.3546,23.8447,27.6134,52.4007,26.6714,42.6224,93.5236,,28.3610,28.1366,,22.4499,,,,37.7334,,,58.7143,33.0289,,20.3670,,,54.1603,29.2499,37.4166,72.3336,31.3202,26.3579,,70.5590,36.1873,54.7723,35.2542,,,,119.9305,803.9279,28.1831,,,,,,46.7373,,210.2665,54.7241
6f31d99cc7,,36.0159,,42.4901,34.4757,,,17.1353,47.9844,,,45.0661,38.3793,45.6638,49.6265,,25.4460,96.0655,38.2029,25.7611,26.3427,,15.8114,19.6013,41.3787,155.5543,20.9762,,,,,32.8824,21.8466,20.2821,23.2471,28.3725,23.6234,,25.9295,,25.3486,,13.0488,27.8543,,,,,83.8187,24.6021,24.1523,,47.8872,47.6556,30.7230,16.7332,,,25.6799,,,,24.0832,62.5833,,30.1511,,101.5842,49.5984,45.4606,35.5278,44.5490,,,,,,19.4435,,217.1463,61.3069,,,82.5198,37.6335,,104.9302,85.8924,,,42.0714,,49.1596,41.0829,46.8041,730.9977,,,,26.0851,,28.5520,42.7295,58.5808,,56.2973
707783e27d,,25.4058,,41.9109,18.3712,,,42.3527,49.6655,,,36.1544,34.5855,39.0360,46.3897,,29.9358,36.5474,34.2345,31.1282,28.0527,,18.1871,24.4131,24.1373,168.8318,23.7595,,,,,51.1179,18.7543,28.0306,14.1421,34.7478,22.5832,,19.9192,,33.4166,,17.5412,22.4537,,,,,34.7371,25.9230,20.6706,,71.0764,44.4072,30.7596,16.0492,,,21.7945,,,,26.2679,17.5499,,28.1530,,66.4042,43.9405,50.8265,34.8329,191.0288,,,,,,33.8062,,270.7681,42.6146,,,54.3615,38.6820,,107.5811,34.9404,,,41.5443,,43.9155,39.9537,54.3739,910.3399,,,,44.6130,,42.3884,39.2026,55.6776,,58.9343
707943485d,,38.6683,,33.9467,27.4258,,,21.7760,31.7600,,,63.9475,31.1378,55.1076,64.0312,,31.5642,87.3842,26.7706,26.3312,31.2614,,21.2132,16.0728,34.2783,65.0739,18.2003,,,,,30.3681,40.0925,23.4888,21.2132,31.3961,27.8602,,18.4391,,27.8089,,14.2829,63.8179,,,,,51.7043,28.5243,22.8416,,72.6483,66.4962,28.2162,19.8524,,,24.1523,,,,29.3795,19.7990,,38.5066,,37.1342,53.0964,54.3906,42.6615,42.0000,,,,,,24.9615,,234.5287,43.5890,,,57.4156,51.0628,,86.2981,51.4993,,,39.7273,,47.1797,83.5996,52.9561,2444.3126,,,,33.4252,,36.9062,36.2629,53.8516,,82.5196
70fa67ed9c,,,,,,,,,,,,,,,,,,,,,,,,,,,,,,,,,,,,,,,,,,,,,,,,,,,,,,,,,,,,,,,,,,37.5712,,,,,,,,,,,,,,,,,,,,,,,,,,,,,,,,,,,,,,,,37.5712
724da51f30,,39.1933,,42.5772,38.3183,,,25.9309,37.4469,,,94.7365,44.2665,53.2006,100.1476,,47.0976,55.8458,56.1145,38.2202,32.3265,,21.0291,23.3776,48.7462,163.9271,27.2999,,,,,39.2696,31.9438,22.8473,18.0810,27.1621,27.9881,,23.6155,,25.4588,,18.9737,21.0690,,,,,77.1103,30.4138,21.2419,,70.4489,294.9340,,19.0734,,,22.1517,,,,25.6102,19.5789,,25.0660,,35.5649,40.7877,38.2971,37.4428,48.4653,,,,,,20.8337,,185.2089,57.5669,,,66.7744,44.4878,,64.3558,38.1980,,,78.4358,,45.0111,41.8330,55.8428,1259.7195,,,,23.0809,,34.2502,45.3689,65.0320,,69.6400
74d44bc770,28.0306,33.9807,30.3188,53.2514,33.1788,39.4042,17.8625,22.2513,60.2446,38.6737,28.8505,29.2033,27.9769,53.3942,61.1351,30.5505,55.6972,66.0044,44.5769,26.1585,37.2178,42.7922,76.6718,24.6545,60.8276,58.3809,24.0288,37.4975,110.5248,,26.4834,33.1898,28.5218,19.4766,25.4863,31.8394,21.8258,34.4855,22.9290,29.5873,45.0714,28.9015,19.7642,20.3306,20.2595,68.4314,45.3798,61.2613,80.8833,33.1162,30.6050,19.8089,77.8078,85.0368,,37.3330,44.4182,29.0423,25.7438,41.8789,34.4062,272.9646,71.8638,19.8941,25.3795,26.9014,181.6212,28.5549,55.3687,,44.6281,47.0744,119.7411,71.9740,46.4280,34.4719,17.5412,47.8296,24.9810,193.4842,62.5418,231.7614,74.1255,57.6501,27.6441,41.6333,43.3590,36.3515,57.5905,64.4316,56.3963,66.4098,33.1266,61.6210,158.8432,421.8264,37.7859,29.3000,25.3610,34.0849,37.3858,31.2250,42.6975,75.8288,192.1924,55.9659
761f297252,27.8124,,26.4575,,,25.9119,27.0801,,,25.7951,26.5204,,,,,57.6722,,,,,,29.1230,,,,,,24.4060,51.8301,33.6155,32.7236,,,,,,,32.5042,,18.9297,,24.4949,,,22.3607,47.0744,47.6595,66.7886,,,,11.7514,,,,,31.6228,17.5810,,46.8631,27.1792,83.4839,,,25.0333,,68.8234,,,,,,79.1531,41.3824,70.1427,36.0555,26.5832,,27.6499,,,42.9588,48.1812,,,37.4700,,,38.8373,43.3013,,46.8674,,,,,26.6237,26.3674,61.9139,,49.0653,,,,316.0696,44.9937
77f3c0b5bf,,,30.4822,,,45.4447,,26.4575,50.3450,,,35.6225,33.0774,62.1059,56.6837,29.5581,25.2262,191.1805,36.8179,,28.6893,15.7568,,20.2330,40.5229,,22.1880,26.3984,159.9858,,36.8690,28.1480,22.2777,18.7083,31.8591,30.2515,17.0139,28.4697,18.9097,27.2845,24.9285,27.8568,15.9687,32.4037,20.2614,69.5013,,,42.2999,23.6741,23.1933,9.6490,126.8858,151.2258,,,39.3043,30.0370,18.5332,46.0237,33.4845,47.0758,33.5410,41.8994,24.4163,,92.2163,20.7223,43.7697,,,33.4274,56.5685,,49.3876,28.9984,,21.6617,23.5407,,37.1099,27.7746,24.6021,74.4545,39.3212,31.5348,,32.9242,30.2765,74.8064,48.2614,,,33.7357,40.5208,1559.5790,,,32.6599,,,21.9684,42.2399,,259.4438,63.9505
7833f8b688,,25.6038,32.8369,33.2866,35.1188,40.7794,86.0233,25.6125,47.7552,,,37.7712,29.8664,49.6947,61.5792,,31.6228,57.9355,44.6281,,37.4166,34.3802,11.8322,21.6025,43.0317,,23.8630,28.3452,30.4725,36.6856,28.9704,30.0793,43.0258,21.6333,27.1516,20.7550,21.9848,20.6155,23.8586,77.8150,43.6551,27.0521,23.9317,16.6812,27.4773,,,,40.9033,21.9089,19.1982,14.3839,41.1239,110.7048,,,32.9712,24.3413,25.9808,37.2419,30.9005,30.0000,19.7814,,21.6025,29.2664,,37.4166,49.9600,46.8534,,36.8310,145.0977,,31.1942,20.1606,,29.6954,29.9333,126.5989,56.5685,,36.2441,71.1638,,28.0422,,,43.0369,53.0162,,,,48.4577,44.5922,1713.9380,42.5572,20.9008,25.6144,27.0801,,,49.9643,55.9114,271.5483,62.5640
7902febdab,58.3401,,30.8607,,,32.9983,,,31.2121,,,52.9600,,,27.3861,29.8408,39.3700,44.0280,29.3103,28.1425,33.1176,,17.5594,,52.3832,,,22.5462,138.5641,36.2531,38.5329,,31.5040,,24.4474,32.0713,21.9625,17.5000,,26.8901,30.3315,,14.5960,43.6931,20.7745,,,,26.0000,25.1661,19.5256,21.2972,66.7280,126.4032,,,35.2241,24.5628,29.1175,81.6868,33.9116,,30.3109,,30.1662,33.1662,,32.5137,,,,,,,53.4522,,,18.4391,,,49.3288,,38.2835,,,33.9786,,,,96.7433,31.7917,,,31.2388,147.9114,552.9969,,,56.0930,,,,41.4997,,260.9350,54.2080
7af49f29bc,,27.2029,,42.0714,32.8634,,,25.3969,44.1760,,,51.2076,33.5659,80.4452,60.6339,,25.5563,234.5208,33.0246,35.7460,42.1307,,15.8114,20.0805,44.7586,73.4847,23.9658,,,,,42.0883,22.9129,18.6339,22.8841,30.8957,20.0998,,16.2019,,41.7665,,16.7525,32.4834,,,,,54.3512,21.2132,22.0605,,61.2896,122.5510,38.4336,20.1133,,,24.6306,,,,35.1568,50.9225,,27.6073,,29.2499,41.2311,36.5443,27.6562,139.0324,,,,,,24.9241,,113.8671,43.4407,,,68.0074,37.6450,,118.7110,79.7065,,,34.7169,,46.1325,89.3806,113.9038,631.6146,,,,25.1312,,25.7325,37.1587,49.3487,,57.4234
7b5ec780fd,,35.9924,,43.8376,31.2076,,,28.6568,47.9197,,,33.3218,30.6343,96.9822,48.3165,,28.8033,147.7450,32.4037,24.7656,36.3693,,17.2091,21.0713,44.4972,71.2461,17.5000,,,,,32.2631,20.7020,23.0682,55.9089,30.5505,16.2788,,21.8499,,29.2083,,19.5959,37.8255,,,,,96.4867,27.7849,19.6712,,65.5006,63.4277,32.6781,19.0693,,,24.4097,,,,55.6776,20.7550,,29.2083,,23.5028,30.9192,39.7911,27.5330,32.1056,,,,,,25.4588,,149.1979,44.4193,,,45.2769,31.9482,,93.4077,43.5431,,,54.3309,,36.9995,32.6950,77.7398,93.3886,,,,24.9666,,20.0000,46.5475,56.0220,,42.7901
7e53e83dac,,23.1364,44.7214,,30.6594,25.7307,38.8587,18.0739,42.2447,25.4951,,23.2993,31.3847,61.3875,59.4138,31.2076,27.2668,211.7328,28.0212,,34.7681,24.1738,22.2967,18.9497,42.0978,,31.3050,21.1409,122.7770,24.7293,29.0934,29.4690,25.3041,20.8395,22.0269,37.1259,21.0713,35.8236,18.5646,34.5205,35.4652,29.1288,18.8294,20.0000,19.7203,56.8624,36.3868,56.0788,57.1471,28.4990,17.2516,12.5357,105.2443,80.3358,22.3607,17.4233,30.9121,22.6455,27.4826,38.3099,32.2180,140.7835,22.9129,24.0192,23.6754,30.1583,,37.8853,,50.0869,,42.7807,73.6433,45.9743,38.7943,28.4666,23.2225,32.8416,18.3402,150.7961,43.0678,47.2703,30.2977,64.7275,27.9751,25.9652,,33.8231,81.3792,51.2696,46.6905,,,42.9407,48.4338,1246.7774,51.9524,38.4249,36.6324,23.9369,36.9324,17.2133,51.2754,,248.2167,55.7326
7e54c040c9,36.9591,53.8802,94.0390,61.0453,31.8522,56.1691,,33.5517,,,87.1454,67.3842,129.2002,104.8222,69.8676,78.2688,23.7697,89.8352,59.1251,63.9010,59.0136,126.4642,,31.3581,130.2811,244.8791,66.4719,120.3236,86.3476,,83.7637,62.4690,39.5330,19.0894,69.5847,96.0769,32.5291,101.8513,24.4284,106.8228,65.4217,27.4264,14.0765,37.3858,27.0801,90.5322,80.0098,,114.1899,53.5331,76.1577,23.2488,112.4042,107.2381,,,45.4465,45.2650,26.8604,35.3553,59.2621,301.9427,191.7048,45.2585,35.2083,42.3317,240.3735,240.2603,83.5497,,68.4931,,167.9286,236.9112,107.1603,62.7664,25.3215,63.0665,39.7045,204.4591,61.1719,388.5115,83.6062,129.5240,34.7720,138.4638,76.3035,65.1759,86.0855,94.7996,237.7887,124.2797,,105.8871,409.1917,1273.3444,57.8792,31.4529,45.1757,37.6893,80.7789,34.6724,73.7198,213.8795,191.9119,105.4841
7e8145276b,40.8975,,30.8761,,,27.5568,23.8253,,,37.5500,24.5875,,,,,43.3941,,,,,,27.2336,,,,,,23.1788,127.2311,27.3716,30.4138,,,,,,,24.9800,,68.6423,,22.8400,,,20.6962,38.7072,37.7645,38.3256,,,,13.2698,,,,,32.6431,27.6457,,60.7998,45.6001,271.2861,,,24.9923,,62.7121,,,,,,114.3233,42.4264,149.4172,35.7960,22.7781,,32.7256,,,41.4970,36.5663,,,29.8362,,,56.9244,123.1115,,69.0122,,,,,40.8928,36.9777,42.5181,,57.6105,,,,285.4728,56.2024
80060c7893,29.0537,,31.3877,,,26.8901,16.9558,,,26.3818,24.0370,,,,,41.7612,,,,,,20.1843,,,,,,28.7417,28.4445,34.3026,31.2250,,,,,,,30.2264,,29.6648,,23.0137,,,23.4915,68.7314,31.8689,40.7080,,,,18.0642,,,,,33.1662,21.9089,,77.1861,28.4730,58.0230,,,24.6403,,86.4292,,,,,,162.0494,36.9685,70.5632,35.0823,22.5760,,27.8733,,,44.4287,30.7318,,,20.6706,,,36.9685,51.8902,,50.9175,,,,,32.2102,42.3728,37.8464,,35.1781,,,,310.9601,45.0966
80e23cfaf6,20.0000,,33.4344,,,36.3212,22.6569,,,23.3699,28.2843,,,,,41.2311,,,,,,18.4592,,,,,,36.5347,96.0159,32.1634,24.9165,,,,,,,43.9223,,30.4725,,27.7350,,,19.6261,42.8607,38.2690,,,,,14.8324,,,,,17.6068,28.7953,,25.7307,53.4338,44.4154,,,27.5162,,74.5878,,,,,,115.2533,38.6782,166.2167,37.4166,25.5267,,26.0494,,,48.2418,37.8763,,,23.2737,,,48.0416,73.2413,,38.6437,,,,,43.9460,29.1956,34.9458,,55.8211,,,,249.4147,46.3947
81491afa75,31.3098,,35.3815,,,28.0453,13.5306,,,41.1411,24.4949,,,,,107.4351,,,,,,20.9762,,,,,,22.6635,55.7007,26.8707,27.7746,,,,,,,31.3119,,28.4343,,30.0314,,,19.9536,41.7231,42.6991,,,,,11.6496,,,,,26.1909,26.4961,,50.9175,31.6228,34.3891,,,28.7849,,137.0376,,,,,,143.9246,44.1362,77.8433,41.7744,19.1345,,26.1574,,,53.9928,35.5018,,,30.8925,,,39.3571,45.5826,,67.7983,,,,,55.6098,55.0108,37.7964,,40.8082,,,,316.4679,49.0315
82a5db5efc,,,,,,,,,52.4177,,,,,95.6403,,,,89.6925,,,,,,,,,,,,,,,,,,,,,,,,,,,,,,,,,,,,,,,,,,,,,,,,,226.6112,,,,,,,,,,,,,,,,,,,,,,,,,,,,,,,,,,,,,,,116.0904
82b8a1e47e,,34.1565,,53.5978,28.3851,,,24.5374,36.7065,,,61.2896,60.6218,81.7007,47.4593,,32.9274,66.1300,53.3452,25.0000,30.1467,,20.1914,22.3002,45.1826,64.1113,26.1268,,,,,35.1049,20.4598,23.6741,16.2617,36.1200,21.3269,,19.6712,,39.4405,,16.1077,24.4949,,,,,73.2575,28.2365,22.3607,,56.9706,46.4579,22.7928,22.4499,,,19.1721,,,,24.7656,35.0000,,32.5419,,30.9570,64.9494,49.5111,35.6997,43.0265,,,,,,44.2154,,104.4522,49.5092,,,53.8094,54.9173,,109.4500,38.4454,,,59.5189,,48.6325,30.0397,91.1729,659.2336,,,,24.2813,,21.8692,53.2095,50.2991,,51.9309
8448052cd8,,,27.0031,44.7214,27.3324,,,,36.3242,,,61.6918,,,24.4060,59.0873,26.1464,62.5262,,,27.1570,,,16.0357,86.8646,,26.1268,26.5147,198.2107,,31.5822,,25.4558,,17.1791,29.6213,24.4949,,18.8460,,18.5293,28.0796,11.8019,28.0624,,,,,27.4643,28.8185,20.5287,14.8909,90.3412,,,,28.2232,26.2467,25.8538,54.6260,25.6174,50.5756,23.9444,,28.8964,23.1301,,36.0041,,,,,56.4624,,59.6962,,,23.2575,,,33.7533,,,72.9800,,18.2093,,48.8438,,76.6390,36.0555,46.6613,,,,,33.5410,,83.2541,18.2574,,,47.1405,,235.0000,43.2493
8636c37b38,29.3752,30.7713,41.7179,48.7981,28.4410,39.4661,12.1543,28.2089,86.1037,44.1588,37.4476,27.0220,51.8619,57.0463,76.6056,35.6395,32.6876,66.5178,46.8188,25.7481,41.6858,33.9116,20.9008,28.7352,58.3707,76.4853,27.2269,35.8920,34.4945,84.8654,29.7818,38.1364,31.8942,18.8155,22.7535,32.6859,21.7351,34.7942,21.8835,18.7345,62.8138,24.9432,21.9336,19.8933,20.2260,128.8866,40.7185,52.8050,65.7562,28.3029,28.9677,16.1374,56.8819,61.3614,,22.8104,31.2440,29.7832,22.2872,40.0278,42.4401,397.1248,41.4059,20.7020,25.8237,24.1788,118.7715,28.1366,50.7264,87.7496,32.1926,61.2686,95.3823,90.4869,42.9753,35.5358,21.7517,41.4126,21.0396,224.6637,53.3916,318.0616,44.8553,59.3467,21.7562,34.8542,101.3903,40.2301,65.9816,41.7558,57.4861,52.2141,30.4863,76.2338,108.5340,903.9835,43.8035,25.4951,46.7190,37.9473,83.7727,23.8048,48.4359,80.1687,236.7244,62.2823
86fbc23203,,,,31.8852,31.0644,23.4233,,34.2345,34.5944,,,39.0384,,84.8260,,,35.0155,,35.6571,,26.1052,22.9907,15.4110,10.6322,48.0302,,27.2029,29.3795,149.6262,,35.7305,,28.4272,23.8048,20.9231,28.0624,17.6569,32.5747,20.2405,,37.6070,,,19.2931,20.6155,,43.7451,,56.6316,21.9283,19.9263,10.2899,42.0746,57.7198,,,25.7236,27.0801,26.9502,102.8680,30.0832,215.9604,19.3649,18.5592,27.2166,25.5874,70.3431,27.7263,,,,51.9615,29.6052,70.4208,28.1662,26.4575,,23.5281,,,38.5450,27.2554,31.9722,,59.6867,37.3497,,45.8258,43.5252,64.4323,,,,39.2110,35.1352,5880.9766,34.0303,46.1519,46.4327,,44.2616,,48.6377,,266.9235,126.4903
89285953da,,,30.1583,,29.2770,,23.3487,,33.5410,20.2759,,54.7418,,,32.9502,46.7586,25.5650,55.8768,30.0832,,26.6667,,14.6898,,46.1095,,,18.6378,26.3847,,40.8775,26.2578,18.7083,,24.9737,,15.8114,,,23.7547,18.8680,,15.3741,31.5238,,,,,,21.0442,26.4035,18.3829,61.8177,49.5536,,,19.1256,22.6385,23.4521,120.0893,28.1425,,31.9539,,31.6860,32.3265,,31.9374,33.7357,,,,,43.7971,48.8094,,27.1241,19.9105,,80.4315,47.6731,29.2052,41.1377,60.0999,,38.1980,,,,43.1741,33.1006,54.6368,,,178.0871,,59.1910,,42.2624,24.0192,,,29.4174,,282.2332,41.7968
89c7682ff4,28.6208,,36.6707,,,26.7340,17.0234,,,35.5512,22.2539,,,,,27.3324,,,,,,37.4833,,,,,,42.1223,212.1757,53.4881,29.6648,,,,,,,25.3215,,38.9789,,34.9812,,,22.4194,46.0904,45.3060,39.5701,,,,17.8705,,,,,36.4387,23.2266,,38.9587,35.3875,207.3644,,,38.7011,,59.6696,,,,,,181.8869,44.4329,51.3566,45.9405,22.6443,,19.2472,,,40.5268,43.9033,,,64.4520,,,54.1043,53.6423,,49.7912,,,,,32.8261,27.2283,48.9898,,49.3851,,,,233.4286,53.2543
8b41ba384c,23.8273,30.8697,48.5627,47.2030,,42.0193,,23.8253,74.4696,,,32.3443,,54.3714,69.9821,30.5136,23.3217,106.3561,62.1634,21.2132,32.8181,34.7246,19.1213,19.4273,47.3142,59.9462,22.9734,38.5482,96.7119,,31.8896,41.9640,23.8514,22.3607,22.3018,30.2509,19.0394,22.4404,17.8786,45.1335,41.1331,25.2740,17.4429,16.5145,18.2574,55.0273,44.4836,56.3058,86.9770,24.3460,22.6385,14.1421,94.2840,135.4006,,22.2976,35.4562,27.7181,24.6262,49.7570,38.4599,499.2327,26.1268,18.9737,32.1455,24.2618,98.2931,23.4695,44.2154,,,149.9222,90.9800,,50.9475,29.1843,18.3973,37.4802,20.0555,274.0803,55.3345,32.4037,34.7572,55.6910,34.5688,32.6190,48.5341,54.0655,40.9794,51.9134,53.7742,59.2353,,59.8483,48.3539,534.4193,52.0052,28.4521,70.4607,23.6878,73.4705,34.2174,40.6202,51.9972,201.3846,57.4557
8b462d8f67,75.0000,,25.0924,,177.4093,109.8010,,37.3688,,,160.3475,,56.4314,189.9146,,,,204.7894,,,,,34.7340,,,103.8428,111.8034,,,,,,14.1421,,72.0603,93.4077,,50.6623,,,91.0311,,,,,,,,170.2939,,137.8405,130.0000,,,390.4485,,,,,,233.0594,,,,32.1983,34.2028,107.7033,146.8605,,,44.0779,130.3649,,,0.0000,,47.0106,42.7372,,,,153.3822,41.2311,,,,,212.6029,,274.7132,,,,,155.9712,494.1393,,,,,,10.0000,,46.5475,1016.6223,141.4961
8c68540ba8,,,,,,,,,,,,,,,,,,,,,,,,,,,,,,,,,,,,,,,,,,,,,,,,,,,,,,,,,,,,,,,,,,34.4601,,,,,,,,,,,,,,,,,,,,,,,,,,,,,,,,,,,,,,,,34.4601
9244f6fac4,,32.9502,,,,,,,,,,,,,,,,,,,,,,,,,,,88.8194,,,,,,,27.3861,20.8167,,,,,35.2542,,27.7639,,,,,,,,13.4519,,,,,,,,,,,,,,,239.1717,,,,,,,,,,,,,,,,,,,,,,,,,,,60.6316,,,,,,,,,,,,60.6940
929cbd012c,29.8481,,38.4900,,,30.7246,24.9374,,,42.3827,25.2323,,,,,30.0757,,,,,,20.7275,,,,,,30.7482,17.8377,26.5875,29.3684,,,,,,,61.0620,,28.8926,,23.0651,,,21.8174,51.8459,65.2914,40.1848,,,,13.0384,,,,,27.2915,19.4722,,46.2005,38.0109,85.3424,,,31.2821,,89.6421,,,,,,75.2496,34.1377,59.6750,23.6155,24.0689,,23.4153,,,38.5141,33.7843,,,25.1085,,,67.7618,40.3828,,80.5118,,,,,38.8158,76.9090,40.8121,,32.9335,,,,303.7954,45.6566
92d7338a9f,,,30.7409,,,,,,26.8742,,,53.1801,,,,,34.4522,,,,,19.1185,15.9120,,38.6174,63.9633,18.3586,20.1778,25.0713,28.0306,44.1073,,38.9102,,28.5982,27.5299,,,29.3131,28.5945,29.9274,20.2162,15.3297,29.3447,,,,,,20.3769,22.3607,19.6497,51.3725,,,,18.9737,26.2851,28.5243,34.8329,30.4777,102.0893,25.9230,13.1789,22.9548,29.6332,40.9503,24.8151,30.8607,,23.2379,,53.0199,,25.4133,,,,19.8860,,50.1815,,35.9011,63.6251,,24.1030,,,,80.7259,34.8730,,32.2380,33.7510,,,,72.7115,87.9529,29.9358,,,34.4887,65.1738,185.5214,37.9363
931c4e2552,,25.9005,,38.8373,22.6670,,,18.3162,28.9828,,,56.5381,36.6900,54.8157,50.9902,,22.4404,55.5226,36.3318,30.4563,89.7218,,18.8680,18.8680,54.8074,73.7394,25.3364,,,,,24.9347,28.0394,21.3809,23.3184,22.3607,52.4631,,16.3628,,27.3290,,14.2829,37.2827,,,,,38.4274,34.4741,18.8818,,60.5150,89.2795,29.7610,26.2342,,,16.7332,,,,25.0000,18.0278,,22.1359,,25.7876,51.6914,45.4753,19.4029,40.9033,,,,,,25.9808,,261.8546,45.0925,,,73.4847,37.9850,,108.0895,49.5311,,,43.2666,,25.2605,56.8422,83.6945,443.7882,,,,37.0701,,25.6528,34.7131,68.6346,,49.3648
93405d5435,,44.3129,,43.1699,37.8227,,,35.0973,52.4985,,,38.7613,38.0789,57.1145,75.6988,,44.5397,55.1109,43.3091,28.1577,31.9006,,17.8085,21.3638,40.7818,63.9890,29.3776,,,,,31.3667,26.0037,19.8206,27.1944,37.3162,20.9762,,29.2715,,35.2630,,17.8444,38.8290,,,,,71.4461,26.6667,27.7064,,84.1873,87.0694,32.7774,27.5318,,,32.1023,,,,38.8188,21.2751,,21.1148,,30.5675,42.9669,34.4342,37.2921,43.3165,,,,,,40.7431,,193.8741,56.2238,,,56.9990,53.3620,,77.6819,41.0441,,,63.8254,,44.7871,42.2247,36.6145,919.9651,,,,26.2811,,29.1357,38.7298,56.3250,,57.7028
94337a6ed3,32.3728,,29.3258,,,29.4958,19.6241,,,27.7038,27.3861,,,,,36.9075,,,,,,26.2725,,,,,,26.5684,72.8440,35.2588,26.2524,,,,,,,45.8918,,20.0000,,30.3822,,,24.4425,48.1271,42.9123,49.6819,,,,13.9122,,,,,30.7447,26.6063,,33.7004,29.7209,67.8233,,,33.7773,,123.0273,,,,,,103.2123,41.2311,49.6754,22.4621,23.9565,,26.0590,,,47.5511,30.7002,,,27.6887,,,73.3413,59.6111,,56.2139,,,,,36.2572,30.2593,36.6488,,57.6335,,,,366.1679,47.7144
9528deebca,,,71.2117,43.5890,34.2327,46.1303,48.3046,26.9990,52.3000,66.8028,,24.3670,41.0411,103.8887,68.1680,48.2010,34.4674,78.9994,35.3925,20.0924,46.7748,28.3823,18.1353,15.9861,46.3424,53.9781,29.2083,24.3670,193.9381,,36.1777,47.8748,33.4575,,18.6378,29.8690,20.4577,29.6830,24.4381,41.4729,34.7815,28.2458,,24.8328,23.7045,81.8291,56.1620,52.4404,68.4902,23.9898,18.4226,14.0810,61.7572,94.1693,,15.8831,31.2650,23.9485,27.2697,53.8516,26.1684,390.0921,16.0728,21.0159,32.9020,25.5359,249.1701,20.0000,58.7143,,32.8507,67.4537,119.4182,,52.5595,26.2419,17.8285,30.0456,28.0212,157.0843,62.4820,41.1032,42.0000,47.8781,,52.5629,104.0833,44.2326,98.0581,103.6018,67.8847,60.3079,20.1778,51.7954,77.0281,688.6878,26.8860,28.4253,93.4377,25.9973,46.8114,30.3400,37.2195,58.7367,246.4896,61.5357
971e2d2b17,33.3900,,30.7230,,,33.1276,29.5907,,,31.2694,26.8691,,,,,37.0328,,,,,,44.8073,,,,,,29.0320,40.2874,25.6542,44.6281,,,,,,,26.1781,,24.0370,,24.0192,,,26.9377,63.7635,45.2769,57.8476,,,,19.3872,,,,,25.1044,29.0387,,52.5306,32.3472,26.0536,,,23.8979,,39.3553,,,,,,126.7105,40.2623,92.2129,30.8418,25.6038,,24.8900,,,40.4894,48.1106,,,26.4575,,,48.3791,63.8023,,46.3266,,,,,46.7947,43.0717,52.8559,,38.5937,,,,309.1344,46.0619
97f359e0a5,,33.6115,,35.5668,21.5058,,,33.4392,43.8284,,,91.3345,59.5819,74.9095,63.2456,,43.3640,219.9490,32.9905,23.1364,34.7519,,16.9223,22.7218,43.9789,71.0021,30.6225,,,,,36.9274,29.6235,26.2679,15.5754,38.0649,22.4210,,16.7774,,20.8474,,16.4952,40.7193,,,,,83.6533,29.9224,20.4438,,68.6566,44.5346,29.7952,22.6992,,,21.8072,,,,19.7037,80.1932,,22.2361,,30.5505,44.7457,51.4782,46.6781,53.4181,,,,,,24.4540,,104.9868,40.3371,,,65.3982,28.2482,,94.3398,46.5236,,,41.5907,,47.7383,36.4216,117.4734,970.5575,,,,26.9774,,27.8222,43.7480,69.6419,,60.9337
98aedfc49c,,36.5014,,40.1070,38.1560,,,26.4977,46.5564,,,29.0446,52.0627,67.5331,82.6095,,26.8794,82.3437,37.4907,28.2458,27.3567,,22.7204,27.2625,42.5994,184.4180,34.1240,,,,,36.4692,20.6007,19.4099,16.5328,42.2399,30.7137,,16.6312,,33.0609,,17.6963,21.5804,,,,,72.3253,27.3078,23.3263,,49.9166,156.6616,,43.4178,,,22.2486,,,,31.6721,24.0066,,22.9583,,24.0966,70.2012,46.6441,41.5551,44.1750,,,,,,37.4817,,223.4773,50.0856,,,55.0099,38.5239,,155.0806,49.2161,,,55.6776,,30.9692,46.9042,91.5552,985.4030,,,,17.7639,,28.5901,47.6885,73.6278,,64.5835
9c15579864,,36.5977,,58.3639,31.6450,,,23.8195,45.6097,,,38.9006,25.0278,73.9287,66.5863,,29.7799,75.7771,44.7667,39.0367,32.2217,,17.8885,19.2873,48.1781,155.6541,21.9390,,,,,33.0704,23.4897,22.3870,21.2793,31.9216,21.1752,,24.5845,,38.5470,,17.0911,18.9142,,,,,31.7712,23.4521,20.3282,,59.8545,104.5692,30.3354,21.5473,,,26.2134,,,,23.7473,25.1835,,29.9804,,33.1423,36.8285,45.8718,45.2198,48.9765,,,,,,36.6221,,179.6022,47.6194,,,62.2261,48.6357,,103.7625,46.4640,,,46.6300,,49.3377,33.0558,102.0831,848.3391,,,,28.0048,,32.7178,32.1288,55.4122,,57.3300
a0d187e000,,,25.4588,,,,,31.3249,35.4024,,,80.5686,,,,,28.9087,,30.1662,,22.6011,14.4749,13.3333,,36.6742,234.4716,29.3406,34.5011,18.7083,,32.5576,26.7467,28.5920,,16.8819,25.8660,17.3205,,18.9737,,24.6080,,17.3205,31.8119,,,,,50.2394,20.9165,27.9400,18.9297,76.3847,123.6932,37.5379,17.4271,21.1438,19.6748,18.4089,79.4229,37.6588,32.0590,18.7083,54.4234,27.6656,44.9242,,23.3893,,,,,72.3802,,33.5410,,,21.6025,23.9317,59.0198,44.2102,38.1134,102.0294,,,26.8742,,,60.8276,64.5377,,55.9626,,29.8547,74.1255,868.2495,,,24.4310,20.0959,,,47.1036,45.6269,327.4268,58.2080
a2bad7df09,30.1085,,40.1559,,,24.9615,38.8870,,,24.4425,28.7435,,,,,35.5269,,,,,,22.1923,,,,,,30.8221,220.3698,29.4263,32.0362,,,,,,,36.1814,,46.2378,,23.7697,,,27.8059,35.1918,39.5616,,,,,29.0659,,,,,25.0713,25.1109,,43.6956,28.2019,67.1022,,,33.3000,,97.4918,,,,,,90.1427,35.4508,157.4983,27.2371,20.7313,,28.0780,,,47.6190,40.8058,,,31.2790,,,67.6335,43.0946,,47.8473,,,,,38.1929,35.3553,35.5452,,50.5610,,,,259.3791,50.5096
a36f581eeb,22.8390,36.9040,32.7638,38.6820,26.5792,33.1342,32.4679,23.2471,40.5268,25.7481,,32.7944,30.0000,54.1089,,27.2965,33.4664,73.3788,40.2337,,28.5857,28.3861,20.0624,25.9309,43.6527,56.0987,30.0000,25.1109,163.1462,32.1617,40.2608,35.7305,24.4949,23.6931,22.1846,44.5068,21.6725,21.6025,26.1008,27.0031,35.8100,27.2438,21.9374,19.0281,27.7849,36.5034,41.5832,51.3370,57.5247,25.5239,23.4965,12.7017,71.8344,59.9667,,,37.0328,24.9557,26.6557,41.0048,35.6115,241.1853,36.4724,23.6643,28.6519,24.8596,47.1257,42.3827,57.7011,,31.2790,59.0428,76.5164,39.8121,38.7776,28.3563,22.7689,38.3080,24.0947,156.8336,53.0064,25.7275,32.9140,70.1249,34.7663,28.7494,55.1856,48.2889,43.8511,42.5572,52.8015,44.5922,30.9996,49.8970,106.1446,1415.6720,31.6228,28.1425,88.2399,,43.3590,21.8849,35.3381,53.9726,239.7522,58.3420
a3fcbe55cc,,,,,,,,,,,,,,,,,,,,,,,,,,,,,23.4521,,,,20.1231,,,,,,,,,,,,,,,,,,,,,,,,,,25.8199,28.5680,119.3487,,,,,,,,,,,,,,,,14.0106,,,,,,,,,,90.0000,40.6885,44.1116,,,,,,,,,,,108.7758,,,,,,51.4898
a51ce0b180,,33.2013,,43.8549,26.5779,,,40.6101,44.7643,,,67.2309,31.8748,87.5183,65.9837,,34.9285,194.8897,31.1022,33.3218,26.0342,,18.7345,19.7949,36.7707,69.5081,29.0115,,,,,32.8295,25.4416,23.9792,30.9300,26.1760,24.7552,,30.7257,,24.7016,,16.8523,36.7423,,,,,56.4471,39.7599,21.9188,,100.4543,117.9812,,16.5145,,,21.4659,,,,28.9828,45.2079,,32.1167,,32.0256,40.0735,54.2453,41.3980,47.5556,,,,,,23.4126,,134.0398,55.6258,,,70.3325,51.5500,,102.6748,42.2611,,,48.4149,,45.3178,34.4601,47.6795,2450.4326,,,,59.1454,,27.2210,68.0750,68.9481,,87.2431
a85529978a,,,34.2107,36.6060,19.2507,32.9983,,22.2907,33.4788,34.3996,23.1840,58.3347,33.0289,41.2657,41.1974,42.9810,27.7302,188.5913,51.0534,32.6269,22.2807,18.0739,17.6569,26.7029,41.6333,68.6915,15.9164,32.8529,19.0863,31.8377,35.1878,34.2053,23.2504,28.4149,30.5564,24.5586,19.1721,38.3667,17.1270,28.7078,25.2678,20.6380,18.2574,29.5057,20.6155,,55.1444,,40.0446,23.8200,26.0681,16.3707,51.4045,46.2435,24.5875,16.5552,25.8199,27.5162,31.8591,45.6213,25.3948,49.2805,23.0036,73.6677,33.6918,39.6863,87.5119,26.8742,41.7550,,,42.8296,25.4434,39.6412,37.1291,49.2355,29.5522,14.9191,,138.1166,49.5580,36.6450,41.1783,55.6386,34.3511,36.6804,,39.6266,37.7078,54.0012,43.8055,57.1964,,37.9545,96.7735,2149.3909,,40.7685,51.4976,26.1861,37.9751,19.5789,,56.4905,291.4241,63.9248
a8bffe109a,24.9666,35.4338,25.4951,42.0883,35.8156,,,,,,,,,,,,,,,,,,,,,77.5605,22.8981,27.4176,63.3621,23.9932,41.4729,30.8363,28.9696,23.7309,21.1476,27.4570,24.7487,32.7952,24.7126,58.8563,22.0564,24.4949,16.9439,22.5198,19.5926,41.8268,50.7300,33.9116,56.5938,35.5568,25.9437,36.2316,53.2291,87.5214,29.4485,16.5076,35.8043,23.4009,30.3636,44.6609,27.4431,80.8148,22.6385,19.7484,34.6822,27.6199,102.2283,26.7582,44.1690,39.5330,,52.5357,66.2618,,242.7276,39.3700,27.7389,24.3028,25.6799,,53.0981,27.7302,,,44.0794,,62.0308,44.5720,29.8887,63.4130,43.2400,,43.2163,42.5676,108.5215,498.2383,,,,36.1917,60.7418,43.1215,49.1121,,259.6326,51.5506
ab0bbc1dd1,,,,,46.9042,,,,,,,,,,,,30.8221,,,,31.8852,29.8142,,,,,,,22.0048,,,,,24.1788,,18.6445,,,18.3225,,66.8420,23.6039,,,,,,,,35.8469,20.7364,19.4936,98.5248,,,,,,,,36.9511,,22.3607,,,,,,,,,,,140.1606,,,,,,,,,,,,,,,,,,,,71.4751,,,,,,,,,,,,42.1429
ae43b07857,25.3546,,44.5253,,,29.6407,51.4634,35.2464,39.3043,46.2910,,27.7784,27.5882,,43.4454,41.3889,38.0058,96.8080,31.6914,,31.6564,26.1985,20.0574,17.1131,37.0215,79.4273,31.9254,28.2135,121.7343,,38.5937,26.4575,25.6515,18.1497,21.7945,34.6020,20.9762,39.6354,25.0286,35.1188,35.9166,31.3877,15.3128,22.1880,21.5570,,38.1980,50.5146,80.9396,25.6348,24.4949,14.8455,79.3790,59.6366,,,25.8915,32.9690,21.5689,51.2535,54.4001,423.5036,28.2105,25.0185,28.6081,18.4021,122.8041,34.3063,,,,156.7663,103.8027,,,27.0963,13.2017,34.2261,26.1696,195.9427,,43.3861,36.1478,54.5938,,,49.8569,75.9474,44.2194,46.4066,51.4087,84.9434,26.6083,42.9922,120.4308,1252.2800,,27.6253,77.1693,24.4131,48.1534,,46.2292,,280.3198,66.8472
ae7c54ea84,,33.9116,24.2384,,,,,,32.3046,,24.4949,72.1672,,,81.5158,,,79.0253,54.6476,,19.8680,14.1421,13.3907,,32.1714,,22.0000,20.4124,23.0384,,30.5759,29.1230,20.1660,,21.3037,27.5000,20.4939,,15.6347,,34.5054,29.5099,12.7242,90.0505,,,,,30.4354,21.4591,22.4283,20.1187,,50.6496,,,16.5387,16.6227,16.2481,49.0854,31.9520,,12.7475,,30.8878,28.7096,,23.8048,,,30.4563,,,,35.4668,,24.3374,22.5462,,79.1623,41.0100,,47.5094,81.8165,,27.5839,,45.8258,,73.4228,42.6818,,48.4924,,98.8165,821.8546,29.6883,,,,,,45.6154,,287.4778,54.0408
b2403b4e95,17.6012,,33.4906,,,28.5044,18.7663,,,23.4794,44.1588,,,,,41.6225,,,,,,19.4294,,,,,,23.5112,31.1886,54.3446,24.2248,,,,,,,26.4575,,24.9444,,31.5009,,,23.3396,34.9059,43.8069,59.2613,,,,12.1814,,,,,27.5516,25.9047,,46.0283,23.2085,59.4418,,,26.2557,,70.3641,,,,,,65.6802,41.2647,56.3863,27.7181,29.1738,,22.9762,,,40.4034,32.5648,,,40.9180,,,47.5826,41.6240,,52.9150,,,,,35.4305,33.7332,36.6003,,72.8939,,,,238.3889,41.1756
b3d0524467,20.0510,,34.9358,,,27.6424,19.7861,,,25.1312,24.3487,,,,,41.5665,,,,,,23.3217,,,,,,29.0537,160.9865,29.3877,28.3725,,,,,,,27.4690,,21.1438,,27.7038,,,20.6155,58.0708,43.7526,50.9217,,,,12.0483,,,,,22.3607,19.3125,,33.9316,23.8366,265.5298,,,31.4718,,44.9289,,,,,,81.7177,39.8307,55.4720,30.7179,23.1094,,22.0021,,,44.3686,51.6646,,,22.8522,,,32.0473,43.2724,,55.0881,,,,,35.4196,37.0912,45.3968,,51.0961,,,,223.4557,46.8701
b48a17e304,,28.3473,,42.1110,26.1297,,,23.9270,39.9609,,,35.5213,47.4821,82.2851,92.8541,,40.0780,47.7890,35.2411,25.7121,30.9954,,16.4886,22.2884,40.5990,107.4784,27.3120,,,,,30.4898,25.5527,23.4216,21.9449,32.4491,23.6155,,19.3125,,41.6439,,15.7123,27.2246,,,,,59.1373,28.0624,21.2916,,106.3283,75.4362,43.0458,18.8351,,,28.5115,,,,23.1517,58.2237,,34.0665,,26.1052,41.8149,37.1932,31.1325,50.2253,,,,,,25.2262,,252.8109,38.6123,,,93.6101,42.5812,,103.1988,32.3583,,,42.4632,,46.7039,44.5896,88.0544,1200.4056,,,,19.9341,,33.4741,40.8412,46.7786,,64.0684
b60bf46da7,20.8946,,22.7913,,,32.8449,25.3476,,,56.6863,31.3653,,,,,36.1449,,,,,,28.3881,,,,,,38.4522,21.5166,34.6030,34.3693,,,,,,,27.8388,,26.2467,,27.0801,,,20.8417,35.2910,34.5326,,,,,10.1980,,,,,15.1568,20.2485,,36.0555,31.2250,80.2897,,,38.0191,,32.6464,,,,,,121.0158,32.7395,52.1784,33.5309,21.7798,,44.8975,,,36.9846,62.1668,,,34.8807,,,48.6141,56.0844,,69.6932,,,,,76.8628,35.1352,40.0000,,91.8729,,,,277.0242,45.4543
b7a9ae39d9,,28.7711,,42.2295,32.0936,,,23.2289,29.6470,,,36.5148,59.5496,61.8675,82.5984,,28.5549,72.1271,49.3745,28.4445,25.4058,,17.6298,23.5702,44.2352,199.7301,27.3446,,,,,41.4327,24.6841,24.6369,22.8891,30.9031,22.9492,,23.4057,,17.2548,,19.5461,27.2718,,,,,87.6546,24.8424,22.0880,,78.7991,102.0893,30.6139,15.8114,,,32.0156,,,,28.6938,77.9277,,34.0656,,30.8482,39.4335,40.8359,35.3553,126.4484,,,,,,26.1329,,443.9727,45.0925,,,59.5102,45.2016,,97.4850,98.0450,,,48.2046,,33.5998,38.9183,104.2250,285.5578,,,,35.1188,,44.9691,53.7617,58.8486,,57.2796
ba5d65df7e,,30.5742,,,,,,29.5620,42.1307,,,62.6498,19.8524,,37.2949,,27.3861,357.3076,,,19.2354,23.7268,,25.7737,54.7723,75.7816,25.2841,27.4955,20.2073,,30.8221,40.4388,49.9687,19.1485,20.3869,21.9089,12.1268,,17.1998,,37.1291,,17.3205,40.0568,21.3307,28.8097,,,49.7384,26.1406,26.8742,20.0000,60.6141,140.6786,,,,34.3937,28.2843,36.6900,23.9139,79.8958,26.5971,,26.8034,45.5377,46.1552,27.6134,,,,,,,38.9682,,23.9317,24.0442,,,,27.2845,,,41.5057,36.5347,,,33.9730,54.6735,41.5443,,,,96.0168,,,,28.7563,,,,50.1871,,143.9329,44.4304
baseline_8633072397,53.6494,27.0620,30.7975,47.1775,37.0810,36.7801,13.2889,22.6844,60.6977,61.9847,41.7308,25.9047,23.0745,68.5565,102.6716,46.6441,32.7150,198.2115,50.3598,32.7783,34.5011,37.2756,,21.1174,50.4525,65.1428,28.5190,30.8221,127.5562,,42.5273,30.9173,26.1925,18.3402,31.0329,28.6639,17.9078,21.8661,25.5160,23.5230,41.8789,22.9827,18.8562,22.8446,23.2993,59.7469,44.0571,,62.2718,26.1493,20.9762,17.1270,74.8487,61.1465,,38.3988,49.8419,24.0613,27.0185,45.2127,33.4052,533.2975,60.5150,23.6334,33.2499,27.7018,209.6396,35.1188,93.9205,,38.7298,58.5947,39.2578,157.2011,65.0148,47.4769,20.6419,44.1290,32.9140,151.8569,60.6824,170.3882,49.8369,56.4606,23.2085,42.6224,98.2980,43.9155,47.3058,56.2653,59.8195,59.4418,20.7992,66.5296,195.9746,1982.8493,62.9028,34.3026,25.9066,26.5414,43.7944,37.9180,53.1350,69.6599,349.7878,78.0109
baseline_a734855777,39.4941,34.0503,28.2307,50.1229,39.3407,32.2964,40.6810,21.7056,69.4391,87.0026,36.9410,26.5769,19.2507,56.3431,75.5578,40.5962,40.2251,61.9463,50.1350,31.3260,33.6650,46.8199,,21.9589,34.0168,57.1031,28.8675,34.7720,97.0329,,30.2765,35.9365,21.5843,17.0530,25.6865,29.8440,35.0123,37.6350,25.8823,33.4047,58.5364,31.7048,17.7388,27.6364,21.2132,69.1717,47.7883,,78.5562,29.5506,36.2531,27.1448,87.3417,62.2240,,32.0814,42.0995,29.2770,28.3522,44.2320,50.6436,1060.7274,42.0805,29.0644,24.0454,28.2646,297.0634,40.9535,60.4261,,36.0065,46.1938,87.8167,60.6752,50.3919,41.3426,22.7940,46.0000,26.8788,179.6158,63.7664,238.1079,44.3471,49.1389,30.7679,42.5812,71.9508,41.6039,69.1399,51.3242,55.7853,62.1548,39.7983,57.4677,335.7127,767.3256,56.5429,34.1730,22.7694,36.7504,31.9700,43.2854,49.3644,80.8100,219.9026,71.2624
baseline_c3c7193209,,,,,,,,,,,,,,,,,,,,,,,,,,,,,,,,,,,,,,,,,,,,,,,,,,,,,83.2809,,,,,,,,,,32.0282,,,,,,,,,,,,,,,,,,,,,,,,,,,,,,,,,,,,,36.1109,,,54.4671,,,51.4718
baseline_fab46b9478,,,,,,,,,,,,,,,,,33.4166,,,,,,,,,,,,,,29.1204,,,,,31.6228,,,,,,25.8492,,,,,,,,,24.6080,21.3600,,,,,,,,,,,54.9475,44.9722,,,,,,,,,,,,,,,,,,,,,,,,,,,,,,,,,,,,,,,,,,33.2371
bbc072ae52,37.9766,,86.9914,,,38.2099,22.3607,,,26.1071,39.2186,,,,,30.7989,,,,,,20.8567,,,,,,31.4362,151.6905,36.5453,32.6867,,,,,,,29.7464,,27.3546,,24.5472,,,21.8849,41.4729,33.1662,,,,,18.1944,,,,,22.9624,26.5072,,58.9041,28.4445,37.0612,,,27.8498,,78.9816,,,,,,151.7822,35.9459,65.5235,27.6729,25.4524,,22.3607,,,49.4822,45.9248,,,33.9550,,,53.1646,107.1521,,60.7179,,,,,27.7910,39.7167,84.7304,,78.3098,,,,264.4685,51.3048
bc859a3dc6,36.2682,33.2455,39.5192,36.9995,33.6425,27.8935,21.6667,19.8860,38.5522,22.9416,28.3772,29.7708,25.6348,51.2468,41.3349,52.5639,27.7917,63.0570,29.0474,30.9751,40.1559,28.4174,16.2186,17.3205,35.8520,85.7940,21.5879,37.1484,201.6072,29.2083,30.4208,34.6790,29.9772,24.1523,20.4613,31.9693,21.2132,31.1769,18.4466,55.1202,39.7831,27.4108,17.3805,24.2015,23.3928,44.3327,39.2604,32.9983,50.9525,21.7879,17.3205,13.2032,76.9725,64.8652,,19.4785,61.8777,30.3261,29.0148,54.2577,37.6032,145.8310,32.1455,23.4521,27.1241,20.5688,201.1783,33.7813,43.1033,48.7462,32.8708,64.5128,76.8579,39.6003,59.6983,36.8006,23.7171,28.6744,31.4643,51.2835,55.2158,25.5417,45.1387,65.2516,34.8876,25.9119,94.1883,86.3548,38.6264,57.7927,49.6272,50.3466,37.7492,37.9693,43.4187,1099.3360,55.3048,27.2336,46.7761,22.7303,40.2803,24.8781,40.3687,64.4802,234.8992,54.3604
bf6b4e013d,27.7980,,32.5918,,,35.8615,21.2132,,,74.0700,29.2421,,,,,37.5500,,,,,,23.4294,,,,,,40.6044,106.1446,26.2342,28.6519,,,,,,,27.9732,,29.6332,,26.8742,,,23.8979,50.5745,40.3887,40.8422,,,,9.2582,,,,,27.1662,25.6089,,51.5752,25.1661,323.9213,,,31.7214,,65.7536,,,,,,136.1670,40.1451,55.5878,35.5903,22.1108,,28.1425,,,46.3543,38.0649,,,32.0342,,,39.7612,54.4059,,42.7317,,,,,23.0560,27.6586,43.2964,,52.1901,,,,327.4176,52.9195
c0b9823c2c,,33.0113,,43.8529,28.6697,,,19.6396,44.3798,,,52.5279,31.9801,49.0198,48.3908,,25.2543,107.1074,46.9302,32.3419,44.8682,,13.6399,22.1051,46.2232,123.8817,26.7955,,,,,47.0162,21.9848,21.4286,16.1015,24.2720,19.6396,,20.0907,,24.7955,,16.5145,26.9990,,,,,65.2087,23.1778,25.9190,,68.8598,69.2820,,18.9828,,,27.1944,,,,23.7635,45.1870,,26.7156,,24.1704,36.0555,44.6681,33.0792,42.9470,,,,,,22.4556,,205.1362,59.0089,,,70.6563,52.4214,,82.9826,45.7496,,,50.4645,,31.3272,43.1325,158.2989,552.8462,,,,25.8199,,32.2976,40.6544,54.7723,,53.0449
c63b2f02e3,23.4521,,26.5047,,,24.0192,17.5000,,,41.0792,18.7393,,,,,53.4739,,,,,,22.4165,,,,,,26.6190,27.9610,35.5903,49.4694,,,,,,,48.7266,,52.6680,,32.3046,,,19.4294,56.5232,36.9362,,,,,9.8319,,,,,29.9205,17.4718,,53.5554,25.6995,74.9444,,,33.0944,,97.1253,,,,,,127.6938,43.3646,43.8662,30.7179,21.1619,,26.3652,,,42.4918,34.6058,,,30.5358,,,42.3627,52.2255,,40.0272,,,,,36.2959,34.2997,27.7849,,73.1437,,,,209.3734,43.5203
c6fab2666b,,25.3311,42.8174,39.6290,31.7888,26.4575,18.9737,23.0458,59.1881,18.2574,,43.5531,43.0891,89.0880,69.2571,43.0946,33.5410,59.5142,28.3923,,30.4594,29.2916,18.4278,17.1594,34.9830,62.1966,26.6833,27.9706,172.7671,25.2841,60.5435,28.6832,26.5853,23.6426,23.5200,28.4856,23.2632,33.6155,17.5764,19.3649,26.2524,21.3037,,23.1741,26.0000,44.3075,47.2077,28.4445,48.4768,25.0483,20.0555,13.9672,91.5885,50.8351,,14.3925,27.4199,20.9129,24.7955,48.0740,26.9258,,26.9408,23.9252,24.8633,21.0291,203.2133,26.1861,42.4825,,50.4101,37.5704,72.5948,46.3681,35.6020,24.0832,,29.2878,22.2928,131.1048,58.1754,,32.1825,76.6252,,35.2767,,36.0060,44.7214,46.3681,41.8330,45.2267,39.8748,79.4057,85.5700,742.0243,32.0894,,58.1065,25.7275,39.4528,30.3488,40.9878,,267.8049,51.4181
c945cf5a10,42.7699,,28.1279,,,31.2371,11.1270,,,29.0767,21.4980,,,,,42.1595,,,,,,20.0734,,,,,,26.1956,172.6475,27.6887,24.5607,,,,,,,26.5274,,20.3200,,20.1509,,,26.7795,55.6232,42.4582,37.6517,,,,16.9706,,,,,19.5078,25.7156,,61.5978,24.5515,324.9011,,,32.7024,,40.9750,,,,,,76.1154,40.2725,50.9575,26.5684,26.5072,,42.9959,,,38.8219,36.2531,,,30.0000,,,39.9166,47.1543,,88.9427,,,,,39.1370,37.3670,48.0327,,61.5681,,,,238.1296,50.5076
c9531205f9,,27.7595,,49.1134,25.1282,,,24.9489,42.7275,,,36.9904,35.1918,66.5919,43.1962,,22.9734,77.9194,35.9825,23.3550,37.4166,,18.0278,18.9875,48.3841,188.3600,32.0972,,,,,44.5346,21.1596,23.7045,13.8243,27.9285,21.5526,,15.9120,,45.4996,,22.9827,28.8345,,,,,58.6475,25.0788,20.4803,,82.3718,80.0822,22.0021,15.5563,,,20.5991,,,,41.7298,19.2424,,32.8416,,44.3250,64.7866,51.3971,45.7513,53.9032,,,,,,21.5639,,254.7112,59.2041,,,64.7548,45.5652,,359.7742,44.8847,,,43.1673,,38.3183,44.9030,172.7263,437.3659,,,,18.0123,,28.3235,46.6190,67.7153,,58.1555
cf0bae566e,26.2274,,22.9548,,,32.9335,30.2214,,,21.9089,37.3688,,,,,39.4875,,,,,,18.8562,,,,,,26.6213,26.5433,28.6356,33.2242,,,,,,,25.5930,,22.3607,,24.4949,,,24.0832,46.5618,30.7435,34.8466,,,,9.5119,,,,,32.1634,24.6577,,40.2906,30.0000,45.1086,,,33.5942,,68.8477,,,,,,105.2946,34.4674,73.7505,37.9777,17.5000,,19.9165,,,51.5590,36.5655,,,63.6723,,,54.1010,59.7985,,53.2795,,,,,20.0000,34.5782,61.8213,,70.9821,,,,216.6544,42.0400
d0c7d476da,,27.5681,,42.0544,32.9619,,,29.4038,37.0901,,,30.4997,33.0868,68.4559,48.9202,,35.9843,268.3592,49.8647,33.4664,30.3412,,15.8114,21.6233,50.8265,57.1621,28.7228,,,,,38.8158,23.1643,24.1030,16.4184,43.1567,20.6351,,21.5689,,27.0801,,20.1311,22.2967,,,,,44.7722,23.6529,25.4109,,77.0382,111.9524,24.8328,13.5647,,,31.4943,,,,19.8326,21.6857,,28.5520,,35.9659,51.9362,42.0978,35.7224,37.9271,,,,,,26.7862,,105.1784,38.9230,,,54.2042,45.6658,,110.0909,42.3333,,,59.2907,,46.9981,44.2554,45.7596,2130.2629,,,,32.6599,,37.2976,36.7658,68.5763,,77.8862
d100a21d44,,,,,,,,,,,,,,,,,,,,,,,,,,,,,,,,,,,,,,,,,,,,,,,,,,,,,,,,,,,,,,,,,,35.6821,,,,,,,,,,,,,,,,,,,,,,,,,,,,,,,,,,,,,,,,35.6821
d4f7d2e773,,,,49.6176,,32.1455,,26.1268,36.1088,28.4605,,29.1865,23.9046,65.6487,,30.2459,23.5797,45.8732,25.0454,,30.4959,25.2573,19.1833,26.9408,37.9593,75.4615,28.4956,22.9129,28.5450,,37.5648,31.9970,34.9635,,24.2437,25.7918,16.5552,21.2132,18.9737,39.4968,36.9175,,18.4391,25.8957,19.4235,,39.5628,43.5890,57.1153,26.7261,22.6608,16.1015,72.3818,92.2515,,17.3205,38.0097,20.0624,,34.8466,27.1360,,,35.5699,25.8389,30.4839,50.5621,,,,,45.7308,,,33.8728,37.8594,,20.3810,31.5096,189.3237,41.6104,29.2404,38.7298,61.7424,,20.2920,,,54.5981,73.3631,,,,36.0555,106.0968,1228.8884,37.9144,,,30.4725,32.0156,,126.2324,53.3114,323.5553,59.8039
d9c98a63c7,,28.6459,,41.7626,35.1918,,,25.9295,43.1338,,,58.4808,38.8691,53.1583,67.8714,,32.5419,66.4759,38.9938,25.8199,27.7434,,21.0357,21.1813,38.1517,227.6852,25.4742,,,,,53.4609,20.4820,24.4474,22.3607,29.6026,26.7606,,22.5093,,38.6455,,23.4233,21.7479,,,,,113.4523,29.9537,15.9545,,41.0930,64.2419,18.2998,15.2315,,,26.5072,,,,26.6458,85.0714,,30.2765,,26.4575,47.2151,66.4316,25.3859,44.7214,,,,,,39.2925,,121.4712,46.2759,,,85.4799,39.1578,,107.4399,40.0657,,,48.5165,,36.9274,30.9162,67.7339,489.6814,,,,26.2043,,27.3861,41.1931,59.7076,,52.2291
dcea3afdd4,,,,,,,,,,,,,,,,,,,,,,43.1277,,,,,,,203.8188,,,,,,,,,,,,,35.5087,,,,,,,,,,,,,,,,,,,,,,,,,,,,,,,,,,,,,,,,,,,,,,,,,,,,,,,,,,,,,,,,94.1517
dd3727d59c,24.1523,,36.0555,,,24.7620,18.3712,,,24.7692,25.7611,,,,,69.8809,,,,,,20.0594,,,,,,35.2721,54.3951,34.5425,45.5733,,,,,,,29.3057,,27.4933,,22.8148,,,19.0394,50.1839,32.6847,59.4282,,,,11.8585,,,,,20.4495,26.2467,,37.9327,31.7329,37.6126,,,28.6190,,97.3163,,,,,,102.7592,36.9685,45.8578,30.4725,24.2329,,26.7914,,,47.1775,42.7575,,,30.4725,,,39.7213,56.7576,,49.0341,,,,,61.2980,40.1170,51.1700,,57.6684,,,,285.6659,44.8917
e4c8ba9819,53.2388,,34.9725,,,30.8844,20.4124,,,25.2488,25.5289,,,,,37.4166,,,,,,28.4149,,,,,,28.8173,21.6375,26.9098,20.4124,,,,,,,31.7662,,23.2737,,32.2252,,,18.2209,39.1918,34.1870,,,,,21.6430,,,,,26.3899,20.0998,,44.9137,29.0320,214.3548,,,29.8209,,54.2396,,,,,,51.6398,44.5058,55.8271,40.5061,26.9408,,17.3205,,,43.7721,29.9382,,,30.5505,,,64.2806,89.3428,,47.1297,,,,,33.0200,54.1043,43.2049,,54.1218,,,,294.3535,46.3677
e57fcb1d9c,,,,38.7298,30.6079,31.8852,20.1606,19.6261,45.5072,,,38.8655,26.1406,55.5171,,28.9087,33.4237,147.6482,48.2889,,33.1662,23.3959,15.4689,19.1107,32.2490,,19.7642,29.8481,149.7498,32.5042,32.6423,44.0959,41.3492,28.3610,18.6271,35.8780,14.1421,23.4521,22.3273,68.9532,57.2647,24.9444,,,25.3546,51.2910,44.2458,30.1511,66.8105,22.9129,23.4233,10.2817,50.9575,83.8429,,15.5456,26.5330,20.9395,24.2899,47.5094,35.7277,51.3160,29.7113,17.3205,31.0567,25.2982,,28.0755,53.4705,,32.3110,53.4338,126.6707,,35.6054,28.7518,20.7614,33.8765,26.7989,170.1406,45.1261,,26.3984,64.8460,,33.6805,,57.8345,32.3265,64.9679,52.4881,,29.7087,35.3351,102.1641,2584.0264,36.4079,,83.1178,35.6263,51.4014,28.9828,51.9013,,275.0385,74.9223
e683a40ca2,28.1315,,39.3976,,,24.7656,18.6848,,,28.4019,21.6478,,,,,36.1231,,,,,,43.2705,,,,,,49.6082,29.4827,39.3052,28.4073,,,,,,,73.4149,,23.3217,,27.1469,,,22.3607,52.4404,38.8844,,,,,13.8444,,,,,23.8048,28.1635,,66.8880,49.4975,102.6767,,,24.0416,,58.1580,,,,,,144.9302,40.8792,64.0523,30.9047,25.3859,,24.0226,,,47.8017,41.6333,,,25.3808,,,53.6449,64.2469,,69.1054,,,,,38.5681,36.0199,47.7261,,70.6624,,,,205.4201,47.0292
e6f9d21647,,29.0537,,42.9618,26.2406,,,19.0059,42.3962,,,108.2638,35.5903,69.8723,53.7454,,24.0066,58.6150,33.5123,25.1812,31.8139,,16.7017,19.6593,40.3192,193.9343,25.6227,,,,,30.0000,35.0849,28.8944,27.1211,57.2058,20.8966,,16.6950,,26.1116,,19.5461,22.5515,,,,,23.8842,29.2499,24.7207,,37.0197,107.8663,20.9762,16.3299,,,21.0533,,,,27.8543,40.2423,,27.9534,,34.4342,30.7002,41.5999,45.7985,47.1699,,,,,,21.2132,,102.4438,59.3570,,,77.2342,43.1061,,108.8207,49.3110,,,43.8122,,39.4853,53.6423,101.5034,151.7481,,,,27.2928,,32.6939,48.1262,54.2128,,45.4338
ea4ee3146c,,27.8260,,36.5670,35.5779,,,27.5000,55.7214,,,34.0014,43.6493,58.3952,68.3407,,27.1570,321.4110,42.3627,23.7722,31.3249,,19.2627,20.0000,28.9334,292.4846,23.2659,,,,,34.3776,25.0454,24.9762,23.8514,28.5418,20.2920,,17.8647,,39.5078,,16.8459,19.8566,,,,,77.5797,26.0566,20.2260,,67.1860,45.7076,36.3187,20.2390,,,20.4553,,,,24.8998,41.7626,,23.7112,,41.4875,49.4845,40.2950,35.7771,47.7659,,,,,,37.5753,,67.7864,45.4888,,,65.4441,55.1032,,66.9188,99.0905,,,53.5490,,33.6865,30.0000,93.9301,254.2359,,,,24.5392,,29.2119,41.0284,77.2820,,51.8448
ea731be1f6,26.4575,28.7953,47.0919,43.3699,30.1232,24.3721,20.5768,53.8645,53.2514,27.1792,29.0851,27.5439,36.7679,63.3385,57.8072,29.1328,31.8809,78.9937,41.9686,26.5130,35.2835,33.8805,20.3810,18.9226,32.1908,67.9396,26.9014,41.9734,123.5829,30.7392,29.5804,41.3293,31.7825,26.6977,23.2258,38.9239,20.4495,37.1184,24.3120,33.0404,39.3790,27.7915,20.6458,19.8268,22.8780,46.8114,49.2725,44.9561,64.6810,26.4575,25.1115,14.9315,63.9828,116.8258,,15.6347,29.2227,23.2204,23.8967,29.7610,30.6916,234.6673,24.6926,18.5592,28.2000,22.2787,88.3691,27.7350,29.9523,52.3723,30.1217,49.4018,91.4087,73.7459,46.4184,43.2861,19.6481,28.5207,27.3004,172.7457,45.5757,58.6799,38.4808,58.1238,39.6737,28.3645,76.7370,52.7968,45.5230,61.0886,53.5615,44.6705,37.9912,63.3041,80.9260,911.8182,66.0265,22.7636,61.6624,27.4212,40.0320,42.4957,42.2094,63.5377,260.9411,54.6748
eb169774a7,,33.3939,,35.6040,25.3795,,,23.0633,53.8767,,,82.7949,37.5875,69.7533,57.1819,,30.2185,237.7836,43.2466,25.8931,42.6046,,16.1589,25.8538,35.7849,199.4929,24.1823,,,,,35.3048,33.0944,19.3807,33.6219,25.7391,23.3415,,22.6024,,32.6939,,14.9775,32.9140,,,,,60.5347,31.7130,18.8648,,82.0061,90.3327,,14.3527,,,23.4233,,,,31.7805,17.7063,,17.6930,,29.4215,39.6459,38.3333,37.7877,46.7516,,,,,,20.8377,,222.0482,41.7563,,,81.9892,35.8939,,100.1934,46.9617,,,54.6316,,44.2603,46.8534,107.8270,680.2687,,,,24.4949,,29.0211,38.5629,61.8811,,59.8559
eb1984dc92,35.8742,36.5148,28.6660,41.5490,31.3581,22.9734,20.6882,22.0794,31.1094,46.7810,,43.0116,36.1759,45.4868,57.6318,41.4103,35.6079,221.7473,47.1231,,25.4000,14.5160,13.1184,32.7872,76.2218,,25.9047,30.1313,61.8347,27.8388,29.3176,38.0283,24.8267,27.4258,23.8048,33.7998,18.6587,39.1354,24.5446,47.6507,29.3776,24.4348,14.0463,19.6561,21.6300,43.0116,33.0289,37.1008,50.2138,23.4794,23.6902,19.3484,65.3794,99.0581,44.1362,19.8206,27.5162,18.9466,26.9098,39.1578,30.2927,456.6671,26.3117,76.0224,26.8691,26.5301,90.0521,20.5866,56.2866,,,29.7818,100.1249,43.2225,35.9011,41.1954,,21.1289,23.4521,100.9631,43.0842,30.4512,35.0630,46.0769,31.2250,42.9407,,41.5985,42.3390,69.1315,38.8993,,33.7448,37.4643,34.5782,4045.5390,37.7271,36.3318,42.1819,23.3699,43.5316,,29.5804,,272.5069,88.4572
ee0a8eae9e,28.7563,33.8062,30.3315,39.2544,24.4949,41.0726,15.3840,22.1811,37.3609,,,61.8690,31.1195,70.4006,48.3292,32.9421,29.7692,60.6059,38.3937,23.0036,30.2655,19.2293,19.7846,20.0531,66.3325,,19.4365,23.2538,17.6271,,34.7887,41.5832,20.8167,28.5591,28.4235,68.1196,20.6706,27.1448,22.6670,60.0000,35.3111,25.6799,17.1594,24.3745,21.8899,44.7214,,,43.4122,26.0070,22.5948,16.5831,59.9198,40.7340,22.5726,26.7083,23.3452,23.7635,22.5543,34.5998,27.1013,40.1386,24.5652,59.0097,35.1049,27.3158,,24.6885,,,27.5379,48.7142,46.2829,,51.7099,32.5894,,20.1039,26.1985,253.7321,49.7234,40.5762,35.3995,86.4932,40.6940,34.8542,90.2378,46.1603,40.5175,42.7753,32.4698,,42.7372,43.2906,44.0280,1093.4350,,41.6733,42.2419,37.4611,46.5027,,38.8587,49.1288,287.6526,52.9831
f0a4ff9701,,37.9655,,38.3592,29.6648,,,18.1659,35.0892,,,52.8069,120.8705,83.3121,52.0746,,36.0988,190.2166,36.3887,22.1108,30.9719,,18.6651,23.4521,43.6237,78.4594,33.7886,,,,,34.9384,25.8567,16.3881,22.7913,31.4466,25.2190,,24.3288,,28.5159,,16.2640,26.1956,,,,,62.6941,26.0892,24.1276,,57.3279,49.3626,28.2337,16.6748,,,30.6594,,,,26.0916,60.7993,,21.4237,,34.3823,58.6568,43.9941,21.8972,49.2760,,,,,,38.6929,,396.2607,55.1856,,,63.7563,47.4793,,99.0130,38.0058,,,45.8939,,42.3307,57.2962,58.7063,256.9737,,,,30.4786,,40.2078,52.4595,61.1754,,52.9448
f494529fd8,23.9165,,35.6131,,,27.0477,35.7071,,,23.8803,38.0024,,,,,74.4630,,,,,,20.5415,,,,,,31.3425,21.5058,35.0170,23.4794,,,,,,,36.2284,,24.7768,,25.7391,,,20.7966,56.7646,46.1790,40.9044,,,,16.7126,,,,,31.8852,27.9478,,51.5244,26.8934,96.1843,,,22.5161,,53.0618,,,,,,70.1834,61.6868,65.2942,27.3404,25.0217,,28.6190,,,80.1836,41.6431,,,29.8526,,,40.1871,55.4849,,59.4045,,,,,46.9295,36.3068,55.2545,,27.8260,,,,250.5942,44.7828
f6c1e28d7e,,,32.0785,,29.2664,22.2711,29.9274,19.8139,36.2012,16.8585,,38.1226,18.2574,92.4662,52.1094,,29.6355,67.8528,40.6675,,29.8848,23.8824,13.6626,,43.6411,69.8134,18.9541,34.0588,131.5587,,30.9233,33.0944,27.1570,17.5697,30.8221,33.2059,21.6987,25.8957,25.9370,26.1179,29.3118,30.0438,20.2485,22.1108,19.7203,,,,61.6441,20.2210,19.6497,12.7634,56.7721,65.3947,,,25.8407,23.2101,26.1268,,26.6145,43.4613,27.3030,77.9194,23.0338,25.1058,172.3501,,,,,,115.0652,,46.2481,36.1814,25.1949,28.9137,24.6353,,51.2696,28.1736,,56.5685,33.9853,43.6463,,55.5338,36.5850,43.1567,43.6478,,,30.7060,124.7330,681.4129,35.1188,,37.5690,,,25.4613,61.5394,,205.0268,50.8240
f739d5b822,,,,,,,,,,,,,305.1557,,,,,,,,,,,,,,,,,,,,,,,,,101.3794,,,,,,,,,,,,,,,,,,,,,,,,,,,68.3681,33.5942,,,,,,,,,,,,,,,,,,,,,,,,,,,,,,355.1232,,,,,,,,,,172.7241
f7b44043a5,28.8138,34.3955,35.3351,43.1608,30.9866,29.7708,35.8469,35.1510,61.0646,32.5576,33.1006,26.3376,29.9285,67.5889,58.6803,42.0695,30.6775,65.8597,28.5620,21.4476,30.4006,42.9978,16.5263,26.4575,43.7199,200.6838,23.6562,28.0755,183.0916,36.4863,31.1868,40.9847,27.7980,23.2845,22.7996,30.9839,21.6972,69.9614,22.9931,19.2642,33.9534,28.3142,17.9118,19.2261,18.0278,63.9444,33.2791,44.6647,52.6101,23.2128,22.2872,13.6931,64.6826,85.7082,,19.2004,34.1971,29.5371,25.5238,46.0189,31.6414,338.7392,34.0875,26.0090,29.5236,16.3075,87.9751,31.4643,51.3909,55.1800,34.5966,42.5715,125.8107,71.8997,49.0256,39.1771,24.2384,31.7707,27.8620,207.4539,57.3555,33.8319,42.5503,56.1341,38.6940,34.7169,119.6148,62.5257,51.0835,52.7968,54.2157,88.2212,26.2895,68.8494,65.3063,540.3008,38.0319,31.3050,75.6597,30.0144,88.5599,28.0306,45.4187,69.5754,278.8378,56.0098
fa0b0ceb86,,32.6599,,40.2930,29.7909,,,17.9118,57.5905,,,41.8330,34.8104,43.1774,68.6052,,29.4958,220.7404,29.1548,35.7390,43.8035,,13.9443,18.0642,38.9570,175.0048,37.2252,,,,,33.8194,24.1030,24.2997,25.7074,34.1565,30.3550,,16.4570,,30.1511,,19.1485,30.5505,,,,,24.3086,35.8920,30.5826,,95.4654,123.0960,29.1548,21.3937,,,22.2427,,,,43.5890,26.8524,,17.5594,,33.2603,60.5392,36.9419,44.0557,45.2769,,,,,,28.6356,,147.3940,43.5890,,,43.8178,40.7080,,107.8888,45.6618,,,55.8271,,63.5273,43.7035,74.2041,244.1311,,,,21.2132,,55.7184,41.1552,53.5257,,50.4666
faa6ebaee4,,,,,,,,,,,,,,,,,,,,,,,,,,,,,,,,,,,,,,,,,,142.1267,,,,,,,,,,,,,,,,,,,,,,,,,,,,,,,,,,,,,,,,,,,,,,,,,,,,,,,,,,,,,,,,142.1267
fe0ef71976,,29.2404,,41.7365,25.0998,,32.7579,35.7771,,,,28.0394,44.3889,56.0357,76.0306,,35.3389,101.1599,,,40.2965,42.7566,18.0579,15.7359,,56.2202,,34.4124,181.9179,,,,,20.3101,15.9861,29.3626,21.8849,33.6341,16.6410,,,19.6850,16.4992,,18.5864,,27.0185,37.8362,57.1421,31.2440,17.9646,17.6777,78.5493,,,19.0863,,44.3706,,33.1662,30.7179,,22.1198,25.2262,,30.0463,68.1353,,38.9331,,31.6228,,152.2972,,,30.0757,,36.9889,,226.5134,,,,75.6593,,,,,,,,,,49.1121,,,,,,,,,33.9683,,383.1697,51.6583
