unix_utc,GSR,IBT
1455286220.5,330.332924645989,700.0000000000001
1455286221.2,333.7728418475089,670.0000000000002
1455286221.9,336.6465497913885,689.9999999999999
1455286222.6,338.50116941544184,670.0000000000002
1455286223.2,340.40244430549234,689.9999999999999
1455286223.9,342.43061196183965,700.0000000000001
1455286231.4,354.638416136195,680.0000000000002
1455286353.4,337.09767248384543,660.0
1455286354.0,339.3281443634322,630.0
1455286354.7,338.82810685923107,640.0
1455286355.3,340.03784059803377,670.0000000000002
1455286356.0,344.37652190656814,660.0
1455286402.0,428.67870637842606,689.9999999999999
1455286412.2,442.9189935002863,710.0
1455286412.9,445.67264736063277,670.0000000000002
1455286413.6,449.27683589466585,710.0
1455286423.9,378.8382270953151,689.9999999999999
1455286424.6,380.9814628662173,720.0
1455286425.3,383.63424397237657,700.0000000000001
1455286426.0,386.34662968038253,700.0000000000001
1455286426.7,387.64951485165534,710.0
1455286433.8,360.7964240057048,680.0000000000002
1455286434.5,367.8028648126468,700.0000000000001
1455286435.2,372.00999767111085,720.0
1455286438.0,378.3437140210142,750.0
1455286439.3,385.34176497687804,1300.0
1455286442.0,384.6302497700991,650.0
1455286446.1,389.3248610340136,710.0
1455286448.8,391.3359178889647,670.0000000000002
1455286452.1,398.4464317167189,670.0000000000002
1455286458.7,397.40103842677763,689.9999999999999
1455286459.4,400.5769694939008,680.0000000000002
1455286466.6,384.58585228661593,660.0
1455286467.3,387.3117690784793,660.0
1455286468.0,388.6438920800544,680.0000000000002
1455286489.2,392.5803710781572,680.0000000000002
1455286489.9,394.9525693141722,660.0
1455286498.7,389.5751014311495,680.0000000000002
1455286500.8,400.0240720169621,670.0000000000002
1455286501.4,401.51786665573684,680.0000000000002
1455286509.4,349.50399291666537,640.0
1455286510.1,347.82610210095584,700.0000000000001
1455286510.8,353.1514662964676,680.0000000000002
1455286511.6,360.3279415399565,750.0
1455286520.6,394.6252171622798,670.0000000000002
1455286522.7,352.8897566608753,720.0
1455286525.6,371.32631704548487,710.0
1455286536.8,290.9980025064796,670.0000000000002
1455286537.4,289.1051975694736,650.0
1455286538.1,295.56558623946063,660.0
1455286538.8,303.7532455563526,670.0000000000002
1455286539.5,311.06645092965937,680.0000000000002
1455286540.1,316.0208730415373,670.0000000000002
1455286540.8,321.3059613425425,680.0000000000002
1455286541.5,325.3673241568374,700.0000000000001
1455286542.2,328.60693583323336,680.0000000000002
1455286542.9,331.4496349458892,760.0000000000001
1455286543.7,332.7898231308556,730.0
1455286544.4,334.8289395851453,760.0000000000001
1455286545.1,333.67258800690104,680.0000000000002
1455286545.8,333.9567661321364,710.0
1455286546.6,337.8151165344765,730.0
1455286547.2,340.2287045590054,689.9999999999999
1455286548.0,343.5068806973462,710.0
1455286548.7,344.73252815728887,710.0
1455286549.4,346.6685755673395,700.0000000000001
1455286550.0,349.2474715807892,680.0000000000002
1455286550.7,352.4044170520523,700.0000000000001
1455286551.5,354.52192718119596,710.0
1455286552.2,355.84664003882597,730.0
1455286552.9,357.95788632486915,730.0
1455286553.6,355.9985922427853,700.0000000000001
1455286554.3,357.3151967110074,689.9999999999999
1455286555.0,358.48722140144775,710.0
1455286555.7,356.4935948921514,680.0000000000002
1455286556.4,354.54081013296417,720.0
1455286557.1,357.44934909432203,689.9999999999999
1455286557.8,362.00098400778336,730.0
1455286558.5,365.46372707052916,660.0
1455286559.2,367.5592687944694,670.0000000000002
1455286559.9,369.45362354394285,700.0000000000001
1455286560.5,371.1401839256773,680.0000000000002
1455286561.2,373.845840610904,700.0000000000001
1455286562.0,376.95309902970473,710.0
1455286562.6,378.46180902875983,670.0000000000002
1455286565.4,379.9396244466549,680.0000000000002
1455286566.0,373.07180839740266,660.0
1455286566.7,368.10883546281127,660.0
1455286567.3,346.47325334015426,660.0
1455286568.0,335.3342656983256,670.0000000000002
1455286568.7,338.6991790868136,720.0
1455286569.4,340.2460766989874,680.0000000000002
1455286570.1,340.08983325869235,670.0000000000002
1455286570.8,345.26832662614595,670.0000000000002
1455286571.5,350.5883335856687,700.0000000000001
1455286572.2,355.4482818061122,710.0
1455286572.8,358.0059907308769,640.0
1455286573.5,360.75689431875,670.0000000000002
1455286574.1,361.8534867340446,650.0
1455286574.8,361.0499967440784,650.0
1455286575.4,359.4538770666594,660.0
1455286576.1,353.8445845234663,680.0000000000002
1455286576.8,356.58894126114393,660.0
1455286577.4,360.25014922723574,650.0
1455286578.2,365.5640318158715,730.0
1455286578.8,369.4127200957945,670.0000000000002
1455286579.6,368.5655148950125,730.0
1455286580.3,360.6788914797509,720.0
1455286581.0,359.9388534150218,710.0
1455286583.1,373.8249399298607,700.0000000000001
1455286583.7,376.8040644781684,689.9999999999999
1455286584.5,380.405426802808,720.0
1455286585.1,382.5116011938552,670.0000000000002
1455286585.8,384.7634423092498,680.0000000000002
1455286586.5,386.27938835175,670.0000000000002
1455286587.2,387.7397096219854,700.0000000000001
1455286587.9,387.4017543939106,689.9999999999999
1455286588.6,389.16566072248384,730.0
1455286589.3,392.98538427420334,689.9999999999999
1455286590.0,396.62088069184745,680.0000000000002
1455286590.7,397.49586278467837,689.9999999999999
1455286591.4,384.2364942850007,720.0
1455286593.5,358.8349461792688,710.0
1455286594.2,361.69661248945977,670.0000000000002
1455286594.9,358.8924880372632,670.0000000000002
1455286595.5,360.3669219000645,670.0000000000002
1455286596.2,360.6788703346856,680.0000000000002
1455286596.9,361.833773564424,670.0000000000002
1455286597.5,360.6398477872705,660.0
1455286598.2,362.30582486414187,670.0000000000002
1455286598.9,367.3973632758558,650.0
1455286599.5,372.1554872240332,660.0
1455286600.2,376.6657060340042,700.0000000000001
1455286600.9,367.50223868940384,670.0000000000002
1455286602.9,357.2963780906168,689.9999999999999
1455286605.7,378.60149999654647,650.0
1455286606.3,380.6551434302401,670.0000000000002
1455286607.0,381.98563116364835,660.0
1455286607.7,379.31231783412863,680.0000000000002
1455286608.4,381.5484680328997,689.9999999999999
1455286609.0,385.6315569344618,680.0000000000002
1455286609.7,388.7799216383262,710.0
1455286610.5,390.5106475292931,710.0
1455286613.3,330.1868947349932,680.0000000000002
1455286613.9,327.3484325626542,660.0
1455286614.7,327.3161876214802,790.0000000000001
1455286615.4,303.64747419567885,670.0000000000002
1455286616.0,286.019275804288,589.9999999999999
1455286616.7,272.0684018231292,730.0
1455286617.4,264.2376283409857,670.0000000000002
1455286618.0,264.11994518070566,650.0
1455286618.7,263.982648160379,660.0
1455286619.3,263.8649650000989,630.0
1455286619.9,263.747281839819,599.9999999999999
1455286620.6,263.6099848194923,630.0
1455286621.2,263.49230165921244,640.0
1455286621.8,266.9266758172089,640.0
1455286622.5,272.19050421245373,620.0
1455286623.1,273.35103025635243,670.0000000000002
1455286623.8,272.1014593577755,670.0000000000002
1455286626.5,263.4352755812741,640.0
1455286627.1,265.67178657045946,660.0
1455286627.8,275.4978483902229,680.0000000000002
1455286628.5,283.9218763654222,700.0000000000001
1455286629.2,289.8089416919254,710.0
1455286629.9,293.85840365397047,689.9999999999999
1455286630.6,297.8762406332081,670.0000000000002
1455286631.3,301.6637276615432,700.0000000000001
1455286632.0,304.86418395449056,689.9999999999999
1455286632.7,307.08294772856794,740.0000000000001
1455286636.9,320.5026250444924,730.0
1455286637.6,318.61850597189243,700.0000000000001
1455286638.3,320.51799036820364,700.0000000000001
1455286639.0,324.37794011379657,700.0000000000001
1455286639.7,322.34840240716096,720.0
1455286640.4,300.60310029244016,680.0000000000002
1455286641.2,301.0237597340481,730.0
1455286641.9,309.65064084179267,700.0000000000001
1455286642.5,316.69651366053563,689.9999999999999
1455286644.6,326.7386965399156,670.0000000000002
1455286645.2,323.63043079528967,670.0000000000002
1455286645.9,316.12562478601683,689.9999999999999
1455286646.6,319.6269559911524,640.0
1455286647.2,325.0660607888208,660.0
1455286647.9,329.2073523484322,670.0000000000002
1455286648.6,332.75662162535417,689.9999999999999
1455286649.3,336.11190928715143,720.0
1455286650.1,338.7419859966637,760.0000000000001
1455286650.8,341.2038419692832,730.0
1455286651.5,343.40072352710075,710.0
1455286652.3,343.54232723873645,740.0000000000001
1455286652.9,344.2163431261636,680.0000000000002
1455286653.7,346.7587380085425,740.0000000000001
1455286655.7,354.9561556999134,689.9999999999999
1455286656.4,357.0090084670112,680.0000000000002
1455286657.1,359.27935775815314,720.0
1455286657.8,361.03043259048377,700.0000000000001
1455286658.5,358.1790964690408,689.9999999999999
1455286659.2,356.68430800472936,700.0000000000001
1455286659.9,360.2112950193825,680.0000000000002
1455286660.6,364.22588734503586,689.9999999999999
1455286661.3,367.3567753151444,730.0
1455286662.0,369.8841427176872,710.0
1455286662.8,372.4256591115403,750.0
1455286663.5,373.4479053825261,710.0
1455286664.2,361.95471997803435,700.0000000000001
1455286664.9,331.10647987695967,670.0000000000002
1455286665.6,324.1806641111932,700.0000000000001
1455286666.3,329.94108346938214,730.0
1455286667.0,338.5874997521315,680.0000000000002
1455286667.7,344.59000795510735,710.0
1455286668.4,346.7226805383003,680.0000000000002
1455286669.1,349.10119491864936,730.0
1455286669.8,352.51624220484075,720.0
1455286670.6,356.9421578567117,740.0000000000001
1455286671.3,359.70577011652017,720.0
1455286672.0,360.81552324121765,710.0
1455286672.7,362.8579287622124,700.0000000000001
1455286673.4,365.82471421306815,710.0
1455286674.1,367.296016133548,730.0
1455286674.8,364.743881548244,700.0000000000001
1455286675.6,366.30719134141714,720.0
1455286676.2,369.12635053511553,689.9999999999999
1455286676.9,372.7589975954537,700.0000000000001
1455286677.7,375.9328656936817,770.0000000000001
1455286678.5,359.68740035427635,750.0
1455286679.2,356.5508108568415,750.0
1455286679.9,361.8734984561131,700.0000000000001
1455286680.6,368.5346632282983,720.0
1455286681.4,373.5316021625589,720.0
1455286682.1,376.7189189218946,730.0
1455286682.8,380.1559084069395,720.0
1455286683.5,382.577485845428,710.0
1455286684.2,385.1857828275405,720.0
1455286685.0,388.5985841400412,720.0
1455286685.7,391.2899962866516,730.0
1455286686.4,393.9489937376542,720.0
1455286687.1,397.04606807161116,689.9999999999999
1455286687.8,398.4699098463933,700.0000000000001
1455286688.5,400.0240143962004,680.0000000000002
1455286689.2,401.3002941054666,710.0
1455286689.9,398.5652166907393,700.0000000000001
1455286690.6,399.06622659400176,689.9999999999999
1455286691.3,400.93831282736124,710.0
1455286692.0,404.1957709425213,689.9999999999999
1455286692.6,406.3142134833048,660.0
1455286693.3,408.88098527943885,689.9999999999999
1455286694.1,411.7601822320118,730.0
1455286694.8,414.8477330032566,710.0
1455286695.5,418.2701404912253,700.0000000000001
1455286696.2,419.9299533576053,700.0000000000001
1455286696.9,421.60309631295576,720.0
1455286697.6,424.79989759740363,730.0
1455286698.3,427.003848104772,710.0
1455286699.0,429.4241778598906,710.0
1455286699.7,432.2782846799191,689.9999999999999
1455286700.4,435.08545464089576,689.9999999999999
1455286701.1,438.2025482778376,680.0000000000002
1455286701.8,441.56949432178635,730.0
1455286702.5,444.4840015429903,670.0000000000002
1455286703.2,443.53774270466795,689.9999999999999
1455286703.9,440.8977139389379,670.0000000000002
1455286704.6,444.12866696097433,710.0
1455286705.3,442.8306902549168,689.9999999999999
1455286705.9,439.12617900407486,680.0000000000002
1455286706.7,438.1737677664711,730.0
1455286707.4,441.7744055261472,689.9999999999999
1455286708.1,445.67256762752083,720.0
1455286708.8,450.1262897491964,720.0
1455286709.5,454.51455155498087,700.0000000000001
1455286710.2,450.0962218510687,689.9999999999999
1455286710.9,438.37545856560746,680.0000000000002
1455286711.6,437.97222847196366,689.9999999999999
1455286712.3,440.92695356347724,710.0
1455286713.0,442.87472460645836,720.0
1455286713.7,445.1964109962945,700.0000000000001
1455286714.4,448.4004961072325,700.0000000000001
1455286715.1,451.8651748021331,730.0
1455286715.9,455.75769780183344,740.0000000000001
1455286716.6,455.8821221834859,790.0000000000001
1455286717.3,458.2007001744232,689.9999999999999
1455286718.1,459.2424158601168,760.0000000000001
1455286718.8,464.03742863927664,730.0
1455286719.5,466.17883319371805,720.0
1455286720.3,469.5774698040567,760.0000000000001
1455286721.0,475.4887192297945,740.0000000000001
1455286721.8,475.2514363904537,720.0
1455286722.5,477.7720874374974,730.0
1455286723.2,480.04289317626655,720.0
1455286723.9,481.34214393362686,730.0
1455286724.6,480.7003091118992,700.0000000000001
1455286725.4,478.73268429216597,720.0
1455286726.0,473.3286847497293,680.0000000000002
1455286726.7,437.3776706281851,660.0
1455286727.3,409.1842887839379,640.0
1455286728.0,394.3687227803701,700.0000000000001
1455286728.7,397.5671225426971,660.0
1455286729.4,401.7355557015596,710.0
1455286730.1,404.0975803196856,700.0000000000001
1455286730.9,401.7124112965606,760.0000000000001
1455286731.6,375.2774802296299,730.0
1455286732.3,367.72144222571296,730.0
1455286733.1,371.2435272426457,770.0000000000001
1455286733.8,373.741125826632,680.0000000000002
1455286734.5,376.7402474782351,720.0
1455286735.2,381.373762997426,680.0000000000002
1455286735.9,385.18583428865196,700.0000000000001
1455286736.6,388.3948171691806,700.0000000000001
1455286737.3,391.58883728699686,720.0
1455286738.0,373.44996729621414,689.9999999999999
1455286738.6,363.9077107215091,650.0
1455286739.3,368.06696814615617,700.0000000000001
1455286740.0,376.2511113790658,670.0000000000002
1455286740.7,382.4019529277115,720.0
1455286741.4,387.5143537424597,700.0000000000001
1455286742.1,391.2095526924617,689.9999999999999
1455286742.9,392.00326612146296,730.0
1455286743.6,391.4967242516165,750.0
1455286744.4,376.4275457361733,750.0
1455286745.1,351.60533535277875,740.0000000000001
1455286745.8,353.8166792768161,720.0
1455286746.5,363.45154553623263,680.0000000000002
1455286747.1,363.5709260322055,640.0
1455286747.9,342.3094875857383,740.0000000000001
1455286748.6,335.03087698086534,710.0
1455286749.3,338.89717165084284,730.0
1455286750.0,341.16888376599843,720.0
1455286750.8,345.0181220048854,730.0
1455286751.5,349.48554507844216,730.0
1455286752.2,353.26336963394164,720.0
1455286752.9,357.756256431232,720.0
1455286753.7,361.4023214267908,720.0
1455286754.4,362.0106592184931,740.0000000000001
1455286755.2,364.1064624838558,760.0000000000001
1455286755.9,366.6092533933592,760.0000000000001
1455286756.7,369.48443158673246,750.0
1455286757.4,366.7707803947397,730.0
1455286758.1,363.7885464521428,740.0000000000001
1455286758.9,366.16630134084,720.0
1455286759.6,367.1139616401245,760.0000000000001
1455286760.4,367.0533807228421,750.0
1455286761.1,368.9629403773802,710.0
1455286761.8,372.2385545782489,720.0
1455286762.5,373.2597048421993,740.0000000000001
1455286763.3,375.7633180791114,770.0000000000001
1455286764.0,378.3869299638768,740.0000000000001
1455286764.7,379.1829112215738,700.0000000000001
1455286765.5,378.30071722625496,730.0
1455286766.2,379.22610405829397,710.0
1455286766.9,380.6768881101693,700.0000000000001
1455286767.6,383.44667677372,720.0
1455286768.3,386.27938835175,689.9999999999999
1455286769.0,385.9216842391388,710.0
1455286769.7,362.3313801898218,689.9999999999999
1455286770.3,342.1145869901248,640.0
1455286771.0,339.77780651312844,680.0000000000002
1455286771.7,340.87243569949385,680.0000000000002
1455286772.4,344.012200533327,680.0000000000002
1455286773.0,349.76066824970763,660.0
1455286773.7,355.48618887117783,710.0
1455286774.4,359.3374403222988,670.0000000000002
1455286775.1,352.74036680434267,689.9999999999999
1455286775.8,346.2904214518133,670.0000000000002
1455286776.5,349.22919661893303,680.0000000000002
1455286777.1,353.2447654925048,670.0000000000002
1455286779.2,307.465436955496,700.0000000000001
1455286779.9,312.15862857956415,700.0000000000001
1455286780.6,303.8637680416782,710.0
1455286781.3,302.9661626808877,689.9999999999999
1455286782.0,309.03369697366736,720.0
1455286782.7,316.8621049415796,700.0000000000001
1455286783.4,322.4247056778902,710.0
1455286784.1,325.3673862026445,689.9999999999999
1455286784.8,328.76897354570815,670.0000000000002
1455286785.5,330.6769802280825,700.0000000000001
1455286786.2,334.0739383752196,700.0000000000001
1455286786.9,337.57560523533346,710.0
1455286787.6,340.69816245435953,680.0000000000002
1455286788.3,341.7110230334333,700.0000000000001
1455286789.0,333.9400990596214,700.0000000000001
1455286789.7,333.43904659566687,720.0
1455286790.4,338.1237944301593,730.0
1455286791.1,341.2212852982985,710.0
1455286791.9,340.6284781859222,710.0
1455286792.5,342.14945449009105,689.9999999999999
1455286793.3,345.9489975658049,730.0
1455286794.0,348.1530898672908,680.0000000000002
1455286794.6,349.90732854454336,689.9999999999999
1455286795.3,351.64232942842006,670.0000000000002
1455286796.0,351.8277882606303,689.9999999999999
1455286796.7,352.43224528320184,689.9999999999999
1455286797.4,354.3523815768245,680.0000000000002
1455286798.1,355.86558340052267,700.0000000000001
1455286798.8,356.16979218925155,730.0
1455286799.5,355.67572426116834,700.0000000000001
1455286800.2,350.49603314684373,720.0
1455286800.9,350.514404076111,689.9999999999999
1455286801.6,335.99628583479546,720.0
1455286802.4,324.2122687439413,720.0
1455286803.0,317.49586913486735,620.0
1455286803.6,310.1842423418025,670.0000000000002
1455286804.3,299.9130640643058,630.0
1455286804.9,301.0102938763858,670.0000000000002
1455286805.6,310.83478639398584,680.0000000000002
1455286806.3,318.4207178973548,710.0
1455286807.0,321.19753501563497,680.0000000000002
1455286807.7,324.44902773139864,689.9999999999999
1455286808.4,329.09360894068925,680.0000000000002
1455286809.1,332.93951201939706,700.0000000000001
1455286809.8,336.16277198784144,680.0000000000002
1455286811.9,344.37637490033984,700.0000000000001
1455286812.5,344.71484212261544,680.0000000000002
1455286813.2,343.96772291004027,700.0000000000001
1455286813.9,340.9075007276829,689.9999999999999
1455286814.6,338.12346376040716,700.0000000000001
1455286815.3,340.7329779232469,660.0
1455286816.0,315.01000915225063,670.0000000000002
1455286816.7,304.93385232520467,700.0000000000001
1455286817.3,305.1851779011332,680.0000000000002
1455286818.0,306.67334140542283,700.0000000000001
1455286818.7,299.06691393720865,680.0000000000002
1455286819.4,287.94392015536886,689.9999999999999
1455286820.1,291.4307810993841,660.0
1455286820.7,297.677339235402,670.0000000000002
1455286821.4,305.8714224662838,660.0
1455286822.1,311.8375257781776,710.0
1455286822.8,315.93093958872004,680.0000000000002
1455286823.5,318.26865934032134,720.0
1455286824.2,319.32055999898273,720.0
1455286824.9,321.8953826779574,670.0000000000002
1455286825.6,324.6385793881178,710.0
1455286826.3,327.9603948800724,710.0
1455286827.0,331.0053315486436,700.0000000000001
1455286827.7,333.672654877357,670.0000000000002
1455286828.4,336.77410078667754,680.0000000000002
1455286829.0,338.5183655977692,650.0
1455286829.7,341.11655372407074,660.0
1455286830.4,343.6131290804628,689.9999999999999
1455286831.0,344.4831914134565,650.0
1455286831.7,347.0656020813804,670.0000000000002
1455286832.3,347.7536107327502,660.0
1455286833.0,346.7587005066005,680.0000000000002
1455286833.7,349.4124069282872,670.0000000000002
1455286834.4,353.15106996730935,660.0
1455286835.0,355.63781722846863,650.0
1455286835.7,357.77544458715994,660.0
1455286836.3,359.2793160126801,660.0
1455286837.0,358.6226561652652,660.0
1455286837.7,349.00997296048484,689.9999999999999
1455286838.3,345.71583788181465,650.0
1455286839.0,349.5588753771925,689.9999999999999
1455286839.7,353.90117252458924,670.0000000000002
1455286840.4,357.71804489375967,720.0
1455286841.1,361.2848941120467,670.0000000000002
1455286841.8,363.92759674268416,680.0000000000002
1455286842.5,366.4883577434173,710.0
1455286843.2,364.4846667106305,700.0000000000001
1455286843.9,365.2435619620599,689.9999999999999
1455286844.6,367.1948697965306,700.0000000000001
1455286845.2,369.3718053388228,660.0
1455286845.9,371.4711128923314,670.0000000000002
1455286846.5,373.38517967748976,660.0
1455286847.2,375.42477183360944,660.0
1455286847.9,375.8057109486453,670.0000000000002
1455286848.6,371.67828389930673,689.9999999999999
1455286849.2,372.63380346944086,630.0
1455286849.9,375.1923383468387,670.0000000000002
1455286850.5,355.0396805026512,660.0
1455286851.2,327.41415526001134,689.9999999999999
1455286851.9,321.95757368773184,670.0000000000002
1455286852.6,327.7996443073596,680.0000000000002
1455286853.2,335.6723782531767,680.0000000000002
1455286853.9,342.48339103861684,700.0000000000001
1455286854.7,347.02960114274964,740.0000000000001
1455286855.4,349.8522732381504,670.0000000000002
1455286856.1,352.5721252416346,710.0
1455286856.8,355.29665344889037,700.0000000000001
1455286857.5,355.82759535764166,700.0000000000001
1455286858.2,354.3714046959758,720.0
1455286858.9,356.62764382600807,680.0000000000002
1455286859.5,360.13343961342207,680.0000000000002
1455286860.2,361.971488900058,660.0
1455286860.9,364.2656593873859,700.0000000000001
1455286861.6,359.9017412423841,700.0000000000001
1455286862.3,316.6715829556258,680.0000000000002
1455286863.0,304.22424675799374,700.0000000000001
1455286863.6,310.2704294929614,630.0
1455286864.3,298.74717174929873,680.0000000000002
1455286865.0,283.72826856920875,689.9999999999999
1455286865.8,286.19511360723726,790.0000000000001
1455286866.5,295.2516454233381,730.0
1455286867.2,305.17159083087984,710.0
1455286867.9,313.0531127564238,710.0
1455286868.7,319.6267943498758,730.0
1455286869.3,322.7994337208471,689.9999999999999
1455286870.0,327.41266994159304,620.0
1455286870.7,329.65513735187835,740.0000000000001
1455286871.4,332.7898065505518,740.0000000000001
1455286872.1,332.47450801288085,700.0000000000001
1455286872.9,335.9428623791905,720.0
1455286873.6,338.6903449814166,740.0000000000001
1455286874.4,338.3989862702006,760.0000000000001
1455286875.1,321.6937602829248,720.0
1455286875.8,320.9037836654719,760.0000000000001
1455286876.6,327.7025124226572,740.0000000000001
1455286877.3,332.7068027619955,689.9999999999999
1455286878.0,337.1829417253245,730.0
1455286878.7,341.2739910635258,680.0000000000002
1455286879.4,344.96444616422815,720.0
1455286880.1,346.1825484141453,730.0
1455286880.8,348.6994315565426,670.0000000000002
1455286881.5,351.1977162775494,720.0
1455286882.2,351.86491917268125,700.0000000000001
1455286882.9,348.17149727630107,720.0
1455286883.7,344.2340938539569,730.0
1455286884.4,347.1560465053153,730.0
1455286885.1,349.99924170912016,730.0
1455286885.8,351.62364652931234,700.0000000000001
1455286886.6,355.7138135263015,740.0000000000001
1455286887.3,360.23064857713956,710.0
1455286888.0,360.9132170013054,720.0
1455286888.7,362.6408025168113,720.0
1455286889.4,338.44014633002917,670.0000000000002
1455286890.1,315.1327132566876,710.0
1455286890.8,313.0530298893334,710.0
1455286891.5,319.9335872116605,680.0000000000002
1455286892.2,324.19646642756726,700.0000000000001
1455286892.9,328.7689735457082,720.0
1455286893.6,327.0913567951944,730.0
1455286894.4,327.5735475366745,720.0
1455286895.1,329.35380508113974,720.0
1455286895.8,333.8898800227507,710.0
1455286896.5,337.2852683369544,700.0000000000001
1455286897.2,337.1657982189216,710.0
1455286897.9,338.398096991869,740.0000000000001
1455286898.6,339.1124389530312,689.9999999999999
1455286899.4,335.08138247668023,720.0
1455286900.0,334.2246795648512,680.0000000000002
1455286900.7,337.23409640964263,710.0
1455286901.4,340.61119493065553,689.9999999999999
1455286902.1,342.4482170407519,700.0000000000001
1455286902.8,344.71475921052286,670.0000000000002
1455286903.5,321.08079668424483,689.9999999999999
1455286904.2,301.445608963249,680.0000000000002
1455286904.8,299.7512573998087,660.0
1455286905.5,301.3095140587801,640.0
1455286906.1,306.9275220320281,640.0
1455286906.8,311.69172992719035,680.0000000000002
1455286907.5,317.05790239819316,670.0000000000002
1455286908.1,321.32139327421004,660.0
1455286908.8,325.22445436798284,670.0000000000002
1455286909.5,324.92334572909647,660.0
1455286910.2,321.67794667305395,720.0
1455286910.8,323.0339809684059,670.0000000000002
1455286911.5,327.1235227303826,700.0000000000001
1455286912.2,330.03856681297384,670.0000000000002
1455286912.9,328.72088627618615,730.0
1455286913.6,319.91820703860617,670.0000000000002
1455286914.3,320.6953064939822,720.0
1455286915.0,322.3623038769143,680.0000000000002
1455286915.7,326.227106516894,670.0000000000002
1455286916.4,330.05484086334235,710.0
1455286917.1,332.5242109876332,680.0000000000002
1455286917.8,328.65614148522565,710.0
1455286918.5,323.86567581048905,680.0000000000002
1455286919.1,326.77081504442214,680.0000000000002
1455286919.8,314.7252372603788,670.0000000000002
1455286920.5,303.29685168134654,680.0000000000002
1455286921.2,306.1244891415625,660.0
1455286921.8,313.98194620799853,689.9999999999999
1455286922.5,321.07379621935473,670.0000000000002
1455286923.2,325.31963893132183,670.0000000000002
1455286923.9,324.97082982714994,689.9999999999999
1455286924.6,325.49436083311383,710.0
1455286925.3,328.55835327178437,680.0000000000002
1455286925.9,331.6640106205984,670.0000000000002
1455286926.6,332.3750193353776,680.0000000000002
1455286927.3,331.3837425663135,710.0
1455286928.0,333.4056120439921,660.0
1455286928.7,336.82516928237214,720.0
1455286929.4,339.3454282156439,680.0000000000002
1455286930.1,341.5009421325944,680.0000000000002
1455286930.8,342.58896727215097,689.9999999999999
1455286931.5,342.1318675466618,710.0
1455286932.2,342.8885797511157,730.0
1455286932.9,345.3933546456225,660.0
1455286933.6,344.7504077010492,700.0000000000001
1455286934.2,343.559968392483,650.0
1455286934.9,344.26083010065474,689.9999999999999
1455286935.6,346.9933556643952,689.9999999999999
1455286936.3,350.0543163182428,689.9999999999999
1455286937.0,352.1995093779962,680.0000000000002
1455286937.7,346.57940586544623,700.0000000000001
1455286938.3,332.7740020292319,689.9999999999999
1455286939.1,328.86629848761487,720.0
1455286939.8,333.93187444577967,710.0
1455286940.5,339.4664328224277,730.0
1455286941.2,343.5955975008802,700.0000000000001
1455286941.9,347.37306815037863,710.0
1455286942.6,349.90734784727294,710.0
1455286943.4,343.31453694378536,740.0000000000001
1455286944.0,329.33782011720865,680.0000000000002
1455286944.8,327.18793349084774,710.0
1455286945.5,332.3916861617118,700.0000000000001
1455286946.2,337.66122035851083,710.0
1455286946.9,342.1494725144533,710.0
1455286947.6,345.0716131449134,689.9999999999999
1455286948.3,347.61757577035917,700.0000000000001
1455286948.9,349.32062903329313,670.0000000000002
1455286949.6,350.717240000843,680.0000000000002
1455286950.3,328.7774038819952,689.9999999999999
1455286951.0,301.90997498747583,689.9999999999999
1455286951.7,303.20058056554285,720.0
1455286952.4,310.3859455068541,710.0
1455286953.1,315.20640871560397,680.0000000000002
1455286953.8,315.6765541856605,670.0000000000002
1455286954.5,317.57124128651884,710.0
1455286955.2,322.3468504335018,760.0000000000001
1455286956.0,327.42884770253016,770.0000000000001
1455286956.7,328.57449957389537,730.0
1455286957.5,330.79183879173644,740.0000000000001
1455286958.2,332.93947883393736,710.0
1455286958.9,335.5030241904365,720.0
1455286959.6,337.4389568105235,700.0000000000001
1455286960.4,332.83197196929297,740.0000000000001
1455286961.1,327.28405316797904,720.0
1455286961.8,330.31661821696787,730.0
1455286962.5,335.14885859178764,700.0000000000001
1455286963.2,338.3293820516738,660.0
1455286963.8,331.3362014238088,660.0
1455286964.5,303.2304386256236,670.0000000000002
1455286965.2,292.29944099942975,689.9999999999999
1455286965.9,291.23963989675116,750.0
1455286966.7,295.2381985536141,809.9999999999999
1455286967.5,304.55809048620694,770.0000000000001
1455286968.3,312.4075182201542,760.0000000000001
1455286969.0,316.75645436715365,750.0
1455286969.8,319.71873657948316,750.0
1455286970.5,321.7710757043132,730.0
1455286971.3,322.1989943661076,780.0
1455286972.0,314.04082102893074,730.0
1455286972.7,314.233226662264,730.0
1455286973.4,318.4056297593972,700.0000000000001
1455286974.2,323.4101031674811,720.0
1455286974.9,326.37083226284636,740.0000000000001
1455286975.7,328.6231459873076,750.0
1455286976.4,329.71201673267905,740.0000000000001
1455286977.1,331.5650654621593,740.0000000000001
1455286977.9,334.3922892188951,720.0
1455286978.6,336.8677607436265,760.0000000000001
1455286979.4,337.90069722494195,770.0000000000001
1455286980.2,327.54293161003136,780.0
1455286980.9,317.9498889617058,770.0000000000001
1455286981.7,322.50295324738016,770.0000000000001
1455286982.4,328.25103034255983,710.0
1455286983.2,332.2756958419315,750.0
1455286983.9,335.4692011746536,740.0000000000001
1455286984.6,337.8835706727466,740.0000000000001
1455286985.4,340.73297792324695,740.0000000000001
1455286986.1,342.72988033494573,700.0000000000001
1455286986.8,341.4134839260475,710.0
1455286987.5,338.4495983223782,720.0
1455286988.2,340.02046843089056,720.0
1455286989.0,342.7651086006445,760.0000000000001
1455286989.7,343.7371464112844,730.0
1455286990.4,344.76815817209234,680.0000000000002
1455286991.1,341.18666666118105,700.0000000000001
1455286991.8,332.88949396857504,700.0000000000001
1455286992.5,330.0221794131998,720.0
1455286993.2,331.9778900523596,689.9999999999999
1455286993.9,334.593703454771,710.0
1455286994.6,334.81222265220526,640.0
1455286995.2,333.73967477821066,680.0000000000002
1455286995.9,325.5743642209812,650.0
1455286996.5,320.9346179806303,650.0
1455286997.2,319.8415125300204,650.0
1455286997.8,320.3178113828825,640.0
1455286998.5,324.2596604068509,630.0
1455286999.1,328.0572098057454,670.0000000000002
1455286999.8,332.159804632625,680.0000000000002
1455287000.5,331.18619629843084,650.0
1455287001.1,330.0712767589692,670.0000000000002
1455287001.8,332.47450801288085,670.0000000000002
1455287002.5,335.5368643441155,670.0000000000002
1455287003.2,338.62157773269365,680.0000000000002
1455287003.8,340.8549923430378,689.9999999999999
1455287004.5,343.04735173865726,700.0000000000001
1455287005.2,344.58997111803626,700.0000000000001
1455287006.0,341.39620176649856,710.0
1455287006.7,340.8897542628026,740.0000000000001
1455287007.4,343.7372195171511,700.0000000000001
1455287008.1,346.81286180366834,680.0000000000002
1455287008.8,348.77239779432824,720.0
1455287009.5,348.18952521312417,689.9999999999999
1455287010.2,349.63205173946227,730.0
1455287011.0,352.665414790279,750.0
1455287011.7,353.0201264379901,720.0
1455287012.4,353.58188289577623,710.0
1455287013.1,355.3914110378158,720.0
1455287013.8,337.2714246338398,710.0
1455287014.5,323.14368003290934,710.0
1455287015.2,324.90760514190805,689.9999999999999
1455287015.9,331.4169426970205,710.0
1455287016.6,336.74012380765845,670.0000000000002
1455287017.3,340.8898612244615,710.0
1455287018.0,344.25197308407587,689.9999999999999
1455287018.7,346.6686130692815,730.0
1455287019.5,344.10996709158036,730.0
1455287020.1,341.9914241185156,680.0000000000002
1455287020.9,344.1098754257393,720.0
1455287021.6,336.67520868271635,689.9999999999999
1455287022.2,319.435917051287,689.9999999999999
1455287022.9,315.94597102644286,689.9999999999999
1455287023.6,317.35982448583206,660.0
1455287024.2,311.66253262696586,640.0
1455287024.9,313.80458246733946,660.0
1455287025.6,304.614519920091,680.0000000000002
1455287026.3,298.31603063828965,750.0
1455287027.1,303.83651641608975,770.0000000000001
1455287027.9,312.95009710296915,780.0
1455287028.7,319.0914153384965,800.0
1455287029.5,321.7866871544927,780.0
1455287030.3,323.69275406364056,820.0
1455287031.1,326.43478683794115,830.0000000000002
1455287031.9,310.8491005317728,790.0000000000001
1455287032.7,308.9329940079798,780.0
1455287033.4,315.40805702339213,740.0000000000001
1455287034.2,320.8419961539371,770.0000000000001
1455287034.9,323.9444113873377,740.0000000000001
1455287035.7,327.41279623981137,760.0000000000001
1455287036.5,329.74464587619974,770.0000000000001
1455287037.2,330.4638782367776,740.0000000000001
1455287037.9,320.61086416507715,750.0
1455287038.7,318.84716869740004,770.0000000000001
1455287039.5,323.56711621591666,780.0
1455287040.3,316.095689669029,809.9999999999999
1455287041.0,318.07136458164297,730.0
1455287041.8,325.11365310459814,760.0000000000001
1455287042.5,328.9149609467202,750.0
1455287043.3,332.5409440854783,760.0000000000001
1455287044.1,335.08986776076716,770.0000000000001
1455287044.8,336.50209622132047,750.0
1455287045.6,339.48389273830725,760.0000000000001
1455287046.3,342.1143166242342,720.0
1455287047.1,342.0265979776508,750.0
1455287047.8,339.95108593473634,750.0
1455287048.5,342.25488630625705,740.0000000000001
1455287049.2,345.50091088324785,689.9999999999999
1455287050.0,347.93506640290525,720.0
1455287050.7,350.2199069283602,710.0
1455287051.5,338.81206581259613,790.0000000000001
1455287052.2,330.31645613097214,780.0
1455287052.9,334.84607884471865,710.0
1455287053.7,340.4719864130965,720.0
1455287054.4,344.3765035734584,700.0000000000001
1455287055.1,347.46366358102654,720.0
1455287055.8,350.12787776471015,720.0
1455287056.5,352.6841180774885,710.0
1455287057.3,355.2587464161216,750.0
1455287058.0,355.7896883898117,720.0
1455287058.7,353.9385189451432,700.0000000000001
1455287059.4,352.44160673158365,730.0
1455287060.1,349.3939975441584,730.0
1455287060.9,347.5541079457811,720.0
1455287061.6,349.33901908488883,710.0
1455287062.3,349.91653334253715,720.0
1455287063.0,349.35725568345606,710.0
1455287063.7,350.3119554252424,730.0
1455287064.5,345.46494744099437,720.0
1455287065.1,346.93928831263304,689.9999999999999
1455287065.9,351.04974939431963,750.0
1455287066.6,353.1884767613151,680.0000000000002
1455287067.3,354.6352250519876,689.9999999999999
1455287068.0,355.97958808290906,730.0
1455287068.7,355.99865317091246,730.0
1455287069.4,356.512619296047,689.9999999999999
1455287070.1,358.52586657830625,700.0000000000001
1455287070.8,361.10872100846876,700.0000000000001
1455287071.5,354.12712703909585,680.0000000000002
1455287072.2,348.68125199189245,700.0000000000001
1455287072.9,351.69786919542304,680.0000000000002
1455287073.6,351.73501968646934,689.9999999999999
1455287074.2,353.7507895689434,670.0000000000002
1455287074.9,357.71792136264105,710.0
1455287075.6,361.0892203932652,680.0000000000002
1455287076.3,363.5702988810843,689.9999999999999
1455287077.0,365.70441453518237,720.0
1455287077.8,368.4327548642796,720.0
1455287078.4,370.1305633749601,670.0000000000002
1455287079.1,371.38839219753993,720.0
1455287079.8,368.1280188576366,689.9999999999999
1455287080.6,359.7835204129832,730.0
1455287081.2,360.67884922391954,680.0000000000002
1455287081.9,364.96373982931124,700.0000000000001
1455287082.7,369.10597802950025,740.0000000000001
1455287083.4,372.21777035641526,700.0000000000001
1455287084.1,374.5916489571479,710.0
1455287084.8,376.6336773037668,750.0
1455287085.6,377.18783348327565,740.0000000000001
1455287086.3,360.7206602161758,700.0000000000001
1455287087.0,350.3854588112,710.0
1455287087.7,353.71357255906577,730.0
1455287088.4,359.41506484098915,700.0000000000001
1455287089.1,356.89551780711645,700.0000000000001
1455287089.8,344.394474839364,710.0
1455287090.5,344.09210645008636,660.0
1455287091.2,349.52224863628715,680.0000000000002
1455287091.9,354.6540277025286,720.0
1455287092.6,356.56049643931954,750.0
1455287093.4,349.7421239289088,710.0
1455287094.1,351.7164933884998,730.0
1455287094.8,348.35365607676783,689.9999999999999
1455287095.5,344.1807866712481,689.9999999999999
1455287096.2,347.82648112786484,689.9999999999999
1455287096.8,352.81470572189016,689.9999999999999
1455287097.5,357.0664699430345,700.0000000000001
1455287098.2,359.62829204512155,700.0000000000001
1455287099.0,362.2663981073175,760.0000000000001
1455287099.7,365.14354259480837,740.0000000000001
1455287100.5,366.3277826833683,740.0000000000001
1455287101.2,332.5640007359096,740.0000000000001
1455287102.0,314.07080893076807,740.0000000000001
1455287102.7,307.89126331980344,730.0
1455287103.4,310.0824911836445,710.0
1455287104.1,317.9350750737186,700.0000000000001
1455287104.8,323.0967766536287,720.0
1455287105.5,329.20754499448014,710.0
1455287106.3,334.4930637372569,740.0000000000001
1455287107.0,338.00349115492224,750.0
1455287107.8,331.3674208946194,760.0000000000001
1455287108.5,332.1763557930829,760.0000000000001
1455287109.3,338.00363022964456,760.0000000000001
1455287110.0,342.5362786232243,689.9999999999999
1455287110.7,344.89302002450205,720.0
1455287111.5,335.20055049157736,760.0000000000001
1455287112.2,326.4027626162233,710.0
1455287112.9,326.8989437809615,720.0
1455287113.6,327.9281179680608,710.0
1455287114.3,333.6393372362721,700.0000000000001
1455287115.0,339.2074385570628,730.0
1455287115.7,339.84713592312835,689.9999999999999
1455287116.5,340.71565914153365,790.0000000000001
1455287117.2,340.2982110856735,689.9999999999999
1455287118.0,341.06420574100486,740.0000000000001
1455287118.7,344.98239969713165,720.0
1455287119.4,348.5900680066405,750.0
1455287120.2,351.6793233183932,740.0000000000001
1455287120.9,353.9574415214222,720.0
1455287121.6,355.80861147463685,689.9999999999999
1455287122.3,353.41357257879326,730.0
1455287123.0,347.8806221218926,730.0
1455287123.8,350.0543548933274,730.0
1455287124.5,352.21823205636537,700.0000000000001
1455287125.2,353.5443172170369,700.0000000000001
1455287125.9,353.54435700138794,700.0000000000001
1455287126.6,354.74842260230207,740.0000000000001
1455287127.3,356.9135191812378,689.9999999999999
1455287128.0,358.2946381382721,710.0
1455287128.7,354.7862689994756,680.0000000000002
1455287129.4,354.7672654195024,689.9999999999999
1455287130.1,343.75999636860666,720.0
1455287130.8,314.42683539796934,720.0
1455287131.5,305.73111209265784,700.0000000000001
1455287132.2,306.8991279958458,650.0
1455287132.8,292.84193730636537,670.0000000000002
1455287133.5,281.82116288207766,630.0
1455287134.1,283.54726799833287,650.0
1455287134.8,292.8907946184646,650.0
1455287135.4,299.60307500691397,640.0
1455287136.1,278.5860962789424,650.0
1455287136.7,267.33351853235376,650.0
1455287137.4,268.4312886088404,670.0000000000002
1455287138.0,276.1484595325515,660.0
1455287138.7,284.60070416315205,700.0000000000001
1455287139.4,290.50358810277316,670.0000000000002
1455287140.1,294.676763331716,689.9999999999999
1455287140.8,298.14272918592064,700.0000000000001
1455287141.5,300.5620779106718,689.9999999999999
1455287142.2,302.1012007067997,720.0
1455287142.9,302.0874513809358,710.0
1455287143.6,303.02116064337866,700.0000000000001
1455287144.3,305.78708431719645,680.0000000000002
1455287145.0,302.65013524868493,689.9999999999999
1455287145.7,289.31982418081554,700.0000000000001
1455287146.4,281.28608183592803,710.0
1455287147.1,287.944446691349,680.0000000000002
1455287147.7,295.0681526597093,670.0000000000002
1455287148.4,299.1124278011215,640.0
1455287149.1,290.96006282139734,720.0
1455287149.9,291.12526656302083,820.0
1455287150.8,299.95416221975563,850.0
1455287151.6,293.80700517870486,859.9999999999998
1455287152.5,291.97939281886414,839.9999999999999
1455287153.3,299.4687824968944,820.0
1455287154.1,305.745140486958,809.9999999999999
1455287154.9,310.25559015874006,770.0000000000001
1455287155.7,313.8190685483236,780.0
1455287156.4,316.44077582391117,740.0000000000001
1455287157.1,318.7099069186238,730.0
1455287157.8,320.7493148436858,700.0000000000001
1455287158.5,320.50256577518473,710.0
1455287159.3,322.0742062449258,720.0
1455287160.0,324.275339962218,740.0000000000001
1455287160.7,326.2909203698232,730.0
1455287161.5,324.9550429771343,740.0000000000001
1455287162.2,322.11310380089316,760.0000000000001
1455287163.0,325.38321924713904,780.0
1455287163.8,329.23983672148086,760.0000000000001
1455287164.5,331.48267129252565,750.0
1455287165.2,333.005898325736,710.0
1455287166.0,327.86396078677933,730.0
1455287166.7,323.53568006936166,710.0
1455287167.4,324.6227308990765,750.0
1455287168.1,329.17496429843106,700.0000000000001
1455287168.8,332.0108441391945,720.0
1455287169.6,331.41681163064897,730.0
1455287170.3,324.29126515170867,770.0000000000001
1455287171.1,321.27485130240643,780.0
1455287171.9,325.414993961735,750.0
1455287172.6,327.6782929333478,720.0
1455287173.3,330.3819409727625,740.0000000000001
1455287174.0,331.1368383533806,689.9999999999999
1455287174.7,332.8396585745673,720.0
1455287175.4,322.30543150894454,660.0
1455287176.1,296.56495098217056,700.0000000000001
1455287176.7,294.78097844858183,650.0
1455287177.4,299.03864449119567,689.9999999999999
1455287178.1,298.5431239949325,689.9999999999999
1455287178.9,303.1454322646915,770.0000000000001
1455287179.7,311.0664373335884,770.0000000000001
1455287180.4,316.18558034716483,760.0000000000001
1455287181.2,319.09128373015966,780.0
1455287182.0,320.6721621583286,830.0000000000002
1455287182.8,316.7716147189184,780.0
1455287183.5,314.6856562173685,720.0
1455287184.3,318.7709428959277,770.0000000000001
1455287185.0,323.5043657924097,680.0000000000002
1455287185.8,327.58967802897905,770.0000000000001
1455287186.5,330.0875023134846,720.0
1455287187.2,331.8290942991517,710.0
1455287187.9,333.4055953889823,710.0
1455287188.6,335.31736270805726,720.0
1455287189.3,335.50370360382163,730.0
1455287190.1,296.9105371954339,710.0
1455287190.8,287.4596994774228,740.0000000000001
1455287191.5,294.07925430594014,720.0
1455287192.3,304.25230153851174,740.0000000000001
1455287193.0,310.9648856112286,780.0
1455287193.8,316.771571801427,740.0000000000001
1455287194.5,319.51184819266155,730.0
1455287195.2,321.22841385749126,720.0
1455287195.9,322.36236416217565,689.9999999999999
1455287196.7,320.50258058182595,770.0000000000001
1455287197.4,320.1947108572054,700.0000000000001
1455287198.1,322.0820083068787,720.0
1455287198.8,325.63754096483143,730.0
1455287199.5,329.3537407546931,630.0
1455287200.1,327.4615191351482,660.0
1455287200.7,313.790333274305,620.0
1455287201.4,309.44909867573546,650.0
1455287202.0,313.93750086254545,620.0
1455287202.7,319.94904109878155,640.0
1455287203.3,321.5227765284556,650.0
1455287204.0,318.66425012621517,700.0000000000001
1455287204.7,316.1108490267403,700.0000000000001
1455287205.5,308.34700739726395,750.0
1455287206.2,310.9357567669564,730.0
1455287207.0,318.3144321018234,770.0000000000001
1455287207.7,321.740062680373,700.0000000000001
1455287208.4,321.12008467587435,710.0
1455287209.1,324.43322532530203,710.0
1455287209.8,328.7041808537877,730.0
1455287210.5,331.99437533647165,700.0000000000001
1455287211.2,334.25816453304003,660.0
1455287211.9,335.65496458658413,689.9999999999999
1455287212.5,335.8748233998375,670.0000000000002
1455287213.2,336.87616898907504,680.0000000000002
1455287213.9,337.8065793067538,710.0
1455287214.6,337.9691686057266,680.0000000000002
1455287215.3,339.3454809514036,720.0
1455287216.1,342.18461046353667,750.0
1455287216.8,344.69687966676287,760.0000000000001
1455287217.6,346.6685568017418,750.0
1455287218.3,343.8790241286703,710.0
1455287219.0,343.9677595195433,710.0
1455287219.7,345.9131455253178,740.0000000000001
1455287220.4,347.4636257850245,710.0
1455287221.2,349.6137576564251,750.0
1455287221.9,338.86433755094095,689.9999999999999
1455287222.6,306.0088478307708,720.0
1455287223.3,276.4010941332491,720.0
1455287224.1,267.440556172172,730.0
1455287224.8,262.81902344724733,730.0
1455287225.5,264.12434945580776,700.0000000000001
1455287226.2,271.16109323051046,740.0000000000001
1455287227.0,278.2339096493812,750.0
1455287227.7,283.16193210236963,730.0
1455287228.5,287.15019359155974,750.0
1455287229.2,290.4782174135712,710.0
1455287229.9,292.99317766107447,700.0000000000001
1455287230.6,295.2378742853928,740.0000000000001
1455287231.3,297.5571395547911,730.0
1455287232.1,300.19669027109296,750.0
1455287232.8,302.19702414367794,720.0
1455287233.5,304.3075743680319,710.0
1455287234.3,306.89914101789486,750.0
1455287235.0,308.50397965423974,720.0
1455287235.7,310.5591046171065,740.0000000000001
1455287236.5,313.2734379685476,730.0
1455287237.2,314.60400054966215,700.0000000000001
1455287237.8,314.3072835526542,689.9999999999999
1455287238.6,315.73636786474515,710.0
1455287239.3,302.9689035746935,730.0
1455287240.0,294.15660760780634,760.0000000000001
1455287240.7,299.1060737982554,689.9999999999999
1455287241.5,308.0337876022304,730.0
1455287242.2,313.5388157161432,689.9999999999999
1455287242.9,317.6015342177182,740.0000000000001
1455287243.6,321.33684754441845,740.0000000000001
1455287244.3,324.35422887280413,689.9999999999999
1455287245.1,326.0355868531206,730.0
1455287245.8,323.8814473752971,710.0
1455287246.5,324.1018672769046,720.0
1455287247.2,327.5575752432659,720.0
1455287247.9,330.72624023905274,730.0
1455287248.7,333.15568691991865,720.0
1455287249.4,333.27232419784605,700.0000000000001
1455287250.1,331.2026162453234,740.0000000000001
1455287250.8,333.38899483574625,689.9999999999999
1455287251.5,336.51917041744707,700.0000000000001
1455287252.2,338.4324195939695,689.9999999999999
1455287252.9,339.8125330168684,689.9999999999999
1455287253.6,341.2212495531124,710.0
1455287254.3,343.36545927059603,740.0000000000001
1455287255.0,344.5365352622085,689.9999999999999
1455287255.7,345.62614256717796,720.0
1455287256.4,343.2771071783293,710.0
1455287257.2,340.3328668073034,730.0
1455287257.9,342.8710109718652,710.0
1455287258.6,346.48841928290125,720.0
1455287259.3,349.2840790493396,710.0
1455287260.0,351.3086792648802,700.0000000000001
1455287260.7,353.45062172345865,700.0000000000001
1455287261.4,355.92263646639884,710.0
1455287262.1,347.810118870301,689.9999999999999
1455287262.8,321.7893494089791,670.0000000000002
1455287263.5,305.6470184361848,680.0000000000002
1455287264.1,305.49280856656594,650.0
1455287264.8,311.0085518850557,660.0
1455287265.4,314.90139078282397,670.0000000000002
1455287266.1,320.1794045255876,650.0
1455287266.7,323.06535608060636,620.0
1455287267.3,324.4963426041364,630.0
1455287268.0,318.01057607407034,640.0
1455287268.6,316.1856799191098,640.0
1455287269.3,314.51490003266,650.0
1455287269.9,316.365660480085,660.0
1455287270.6,316.84675840966963,680.0000000000002
1455287271.3,319.91823650302484,680.0000000000002
1455287272.0,321.5693484793372,680.0000000000002
1455287272.7,318.375032081534,689.9999999999999
1455287273.4,320.61062695875387,720.0
1455287274.1,325.0818166161762,720.0
1455287274.8,329.04493050697886,710.0
1455287275.5,331.8125596200829,720.0
1455287276.2,333.555750568688,680.0000000000002
1455287276.9,335.12352965897117,700.0000000000001
1455287277.6,337.01240329468465,700.0000000000001
1455287278.3,321.29327624621806,700.0000000000001
1455287279.0,309.3198297186424,700.0000000000001
1455287279.7,311.44438330578515,689.9999999999999
1455287280.4,318.6644831474932,740.0000000000001
1455287281.2,326.11548293713383,750.0
1455287281.9,330.74264394871267,740.0000000000001
1455287282.6,332.88951057373094,710.0
1455287283.3,334.77853548223527,700.0000000000001
1455287284.1,335.148790860526,730.0
1455287284.8,318.2854165041549,710.0
1455287285.5,312.0710365065485,700.0000000000001
1455287286.2,316.5761890315872,710.0
1455287286.9,323.17507043123993,680.0000000000002
1455287287.6,327.3805670859033,689.9999999999999
1455287288.2,330.38203837381803,670.0000000000002
1455287289.0,333.71436462302887,740.0000000000001
1455287289.7,334.19112742407617,730.0
1455287290.4,324.4210030305222,740.0000000000001
1455287291.2,286.0555960280725,720.0
1455287291.8,274.81621145426914,670.0000000000002
1455287292.6,276.0335708879191,730.0
1455287293.3,278.81574931571845,710.0
1455287294.0,283.1138482405179,760.0000000000001
1455287294.7,289.20569165058527,720.0
1455287295.4,294.4424462323204,700.0000000000001
1455287296.2,298.3962170822353,710.0
1455287296.8,301.14594665111093,689.9999999999999
1455287297.6,287.4778104504664,710.0
1455287298.3,264.7330884911895,710.0
1455287298.9,263.5075338346324,680.0000000000002
1455287299.7,271.1173043844109,720.0
1455287300.4,280.5053834744836,689.9999999999999
1455287301.1,287.3978368021078,740.0000000000001
1455287301.8,292.7488064060449,750.0
1455287302.6,296.56436417588225,710.0
1455287303.3,290.7572072398365,720.0
1455287304.0,288.6795165785593,760.0000000000001
1455287304.8,293.3542733096872,760.0000000000001
1455287305.6,299.0923904566528,790.0000000000001
1455287306.3,302.64979851142624,740.0000000000001
1455287307.0,304.89206152849124,700.0000000000001
1455287307.7,306.84266516937964,700.0000000000001
1455287308.5,308.83266310128164,730.0
1455287309.2,310.616922890555,700.0000000000001
1455287309.9,288.03541983768935,710.0
1455287310.6,273.0153005300662,710.0
1455287311.3,273.68831517596317,689.9999999999999
1455287312.0,280.70590562252806,720.0
1455287312.7,278.9790425876648,750.0
1455287313.5,277.96707007951323,770.0000000000001
1455287314.3,284.83160449451736,760.0000000000001
1455287315.0,290.21263626050614,720.0
1455287315.7,284.127443268317,730.0
1455287316.4,281.9642072418705,710.0
1455287317.2,285.93103343287135,750.0
1455287317.9,289.94756118955354,740.0000000000001
1455287318.6,291.06156788583775,720.0
1455287319.4,294.24756300894785,740.0000000000001
1455287320.1,297.47750071616264,740.0000000000001
1455287320.9,301.02358782364325,750.0
1455287321.6,303.6145568128914,740.0000000000001
1455287322.3,305.38088932785047,710.0
1455287323.0,306.78612431839736,710.0
1455287323.7,308.28998176343606,720.0
1455287324.5,310.1256921404788,720.0
1455287325.2,312.3487945349709,780.0
1455287325.9,314.72279661725645,670.0000000000002
1455287326.6,313.28093755790053,700.0000000000001
1455287327.3,306.8003732271511,670.0000000000002
1455287328.0,296.55225117705317,670.0000000000002
1455287328.6,289.620053528237,689.9999999999999
1455287329.4,291.06156787131715,710.0
1455287330.1,288.90462302164883,750.0
1455287330.8,292.5176435702218,710.0
1455287331.5,297.94952105912915,680.0000000000002
1455287332.2,302.1012998861189,680.0000000000002
1455287332.9,304.61342608606844,689.9999999999999
1455287333.6,304.12703127949084,710.0
1455287334.2,306.32102880892194,670.0000000000002
1455287334.9,309.2337348113608,700.0000000000001
1455287335.6,302.77408147123367,640.0
1455287336.3,298.05595924240214,670.0000000000002
1455287336.9,300.67057836234545,689.9999999999999
1455287337.6,292.9160597195941,680.0000000000002
1455287338.3,292.51755345129385,689.9999999999999
1455287339.0,298.42311337142417,660.0
1455287339.7,303.1038704524302,700.0000000000001
1455287340.4,305.6049203210684,700.0000000000001
1455287341.1,308.7754789136512,689.9999999999999
1455287341.8,312.15873805639467,730.0
1455287342.5,314.8565806910496,689.9999999999999
1455287343.1,316.53093705254867,650.0
1455287343.8,317.7680445123651,700.0000000000001
1455287344.5,318.67943992941827,710.0
1455287345.3,316.9824435911445,730.0
1455287346.0,313.4429328073497,740.0000000000001
1455287346.7,310.5591113300194,720.0
1455287347.4,311.7499064749807,689.9999999999999
1455287348.2,307.6498836233209,730.0
1455287348.9,303.255528164296,750.0
1455287349.7,305.4019318664732,760.0000000000001
1455287350.4,310.5881452119165,750.0
1455287351.1,314.9160980886752,710.0
1455287351.8,316.75649726423205,720.0
1455287352.6,316.2906164009848,760.0000000000001
1455287353.4,318.7099360462237,760.0000000000001
1455287354.1,321.8954727461233,740.0000000000001
1455287354.8,324.133379878173,700.0000000000001
1455287355.5,322.1754000534393,720.0
1455287356.2,322.73691097676317,680.0000000000002
1455287356.9,325.03423981192765,730.0
1455287357.6,327.992608316279,710.0
1455287358.3,330.9395699668744,700.0000000000001
1455287359.0,333.9736008083301,689.9999999999999
1455287359.7,333.3389598308916,620.0
1455287360.3,331.91175126231684,680.0000000000002
1455287361.0,317.92186624800155,680.0000000000002
1455287361.8,304.71782045310607,760.0000000000001
1455287362.6,296.4593513023326,809.9999999999999
1455287363.4,292.4919601142823,820.0
1455287364.2,301.3573140286896,839.9999999999999
1455287365.0,309.07629958372,790.0000000000001
1455287365.8,314.5298878008408,800.0
1455287366.6,318.7556802423572,770.0000000000001
1455287367.3,321.24395763278596,689.9999999999999
1455287368.0,321.3367728669304,700.0000000000001
1455287368.7,321.63135970012,689.9999999999999
1455287369.4,319.76470029121054,710.0
1455287370.1,320.70307067787064,730.0
1455287370.8,321.5227914855648,689.9999999999999
1455287371.6,321.7710757260166,740.0000000000001
1455287372.3,324.3858489038747,740.0000000000001
1455287373.0,327.3323495718718,730.0
1455287373.8,330.1202446622064,770.0000000000001
1455287374.6,333.05588329070616,800.0
1455287375.3,335.0645811600085,740.0000000000001
1455287376.1,336.7060266237325,750.0
1455287376.8,338.00349115492224,760.0000000000001
1455287377.6,338.7505403598287,740.0000000000001
1455287378.3,337.0294433433909,720.0
1455287379.0,337.88364011755164,720.0
1455287379.7,340.3155300852338,720.0
1455287380.5,343.04740623022184,720.0
1455287381.2,345.64410576948524,720.0
1455287381.9,347.60851431236915,689.9999999999999
1455287382.6,348.90018897811194,710.0
1455287383.3,349.28398320151734,720.0
1455287384.0,350.2566876668132,730.0
1455287384.8,352.43228469014764,740.0000000000001
1455287385.5,353.8821502971917,700.0000000000001
1455287386.2,355.5620233104081,720.0
1455287386.9,357.14287353700513,720.0
1455287387.6,358.89259203062574,720.0
1455287388.3,360.172188575248,710.0
1455287389.0,359.7640409072152,680.0000000000002
1455287389.7,358.35256437681244,720.0
1455287390.4,332.16727481059974,700.0000000000001
1455287391.1,305.46561111527274,680.0000000000002
1455287391.9,302.0053400841102,730.0
1455287392.6,300.37505875091443,720.0
1455287393.3,275.79039184365746,730.0
1455287394.0,264.67453646084897,720.0
1455287394.7,264.371511967905,720.0
1455287395.5,264.02519826168333,710.0
1455287396.1,263.7654629820171,689.9999999999999
1455287396.9,263.4191492757954,720.0
1455287397.6,263.11612478285144,710.0
1455287398.2,262.732466123272,670.0000000000002
1455287398.9,262.8129912552391,700.0000000000001
1455287399.6,262.8938629803136,700.0000000000001
1455287400.4,262.9862878089703,750.0
1455287401.1,263.0671595340446,740.0000000000001
1455287401.8,263.14803125911936,710.0
1455287402.6,263.2404560877759,750.0
1455287403.3,263.3213278128505,750.0
1455287404.1,267.63385670248863,760.0000000000001
1455287404.9,273.2951137004161,770.0000000000001
1455287405.6,277.06598774104907,730.0
1455287406.4,280.3987909840867,760.0000000000001
1455287407.1,282.0357748109281,720.0
1455287407.8,282.9575143083847,740.0000000000001
1455287408.6,284.1757316204213,740.0000000000001
1455287409.3,287.2120190416888,710.0
1455287410.0,290.37696651435937,730.0
1455287410.7,293.0704427374197,730.0
1455287411.5,295.5454494332745,740.0000000000001
1455287412.2,291.48154418854597,720.0
1455287412.9,291.40511003081167,660.0
1455287413.6,294.23453334188883,720.0
1455287414.3,297.0400724986281,689.9999999999999
1455287415.0,298.91796282122795,730.0
1455287415.7,300.96917209239604,720.0
1455287416.4,284.16571636569404,710.0
1455287417.1,279.52874653017517,689.9999999999999
1455287417.8,287.17505156438165,710.0
1455287418.5,282.37032956792234,710.0
1455287419.2,273.5305110325902,710.0
1455287419.9,272.7583323553298,700.0000000000001
1455287420.6,263.8653813336412,680.0000000000002
1455287421.3,263.80828737694407,710.0
1455287422.0,263.75119342024686,710.0
1455287422.8,263.6859431840215,710.0
1455287423.5,263.6288492273244,720.0
1455287424.2,263.5717552706272,689.9999999999999
1455287424.9,263.5146613139299,689.9999999999999
1455287425.6,263.45756735723285,700.0000000000001
1455287426.3,263.4004734005356,700.0000000000001
1455287427.0,264.31282883167154,740.0000000000001
1455287427.7,269.94221745353366,689.9999999999999
1455287428.4,274.47658693060987,710.0
1455287429.1,277.99023817467616,689.9999999999999
1455287429.8,280.9897398856826,750.0
1455287430.5,282.9455035487042,710.0
1455287431.3,286.0413141924461,730.0
1455287432.0,289.2682365388838,740.0000000000001
1455287432.7,292.4405142816371,680.0000000000002
1455287433.4,294.0722816158482,730.0
1455287434.2,295.4733575930688,730.0
1455287434.8,283.67030098463044,689.9999999999999
1455287435.6,274.5329736284358,710.0
1455287436.3,279.38827781088503,700.0000000000001
1455287437.0,270.7922346183831,730.0
1455287437.7,271.1719663613256,720.0
1455287438.5,282.3830496845984,750.0
1455287439.2,290.7571187904662,710.0
1455287439.9,297.05338293334614,689.9999999999999
1455287440.6,301.21400638968515,730.0
1455287441.3,304.50210683146685,710.0
1455287442.0,304.83629365961934,670.0000000000002
1455287442.7,306.5040825901755,700.0000000000001
1455287443.3,309.17641803613265,650.0
1455287444.0,311.15333644022814,680.0000000000002
1455287444.7,313.27346564271164,670.0000000000002
1455287445.4,315.82611672151563,710.0
1455287446.1,318.45109767052463,760.0000000000001
1455287446.9,321.27492589358155,720.0
1455287447.6,323.62991227675155,760.0000000000001
1455287448.4,326.0675015809168,760.0000000000001
1455287449.2,328.13791011995863,780.0
1455287449.9,330.16927732279635,750.0
1455287450.7,329.19127065665106,780.0
1455287451.4,322.2533306488836,670.0000000000002
1455287452.0,318.6950083919784,660.0
1455287452.7,312.86183183282503,660.0
1455287453.3,315.12451434008165,630.0
1455287453.9,320.05649588985216,620.0
1455287454.6,325.25624452589136,650.0
1455287455.2,328.47744615657575,670.0000000000002
1455287455.9,331.56508189438625,689.9999999999999
1455287456.6,331.5979870281392,660.0
1455287457.3,332.391636569419,700.0000000000001
1455287458.0,335.21619924437164,720.0
1455287458.7,338.3293820516738,730.0
1455287459.5,340.7852366939893,710.0
1455287460.2,342.2196762318873,730.0
1455287460.9,344.4120048867273,700.0000000000001
1455287461.6,346.59647933394615,710.0
1455287462.3,349.04631248824296,710.0
1455287463.0,351.3087182683542,680.0000000000002
1455287463.7,350.045159777137,689.9999999999999
1455287464.3,348.0623052792157,630.0
1455287464.9,337.82709104044477,640.0
1455287465.6,317.66259629720975,650.0
1455287466.3,315.75134252553914,660.0
1455287467.0,322.6904611512227,700.0000000000001
1455287467.7,324.3699851734383,710.0
1455287468.4,324.8759078712642,710.0
1455287469.1,329.17509285607133,700.0000000000001
1455287469.8,333.85652902179424,710.0
1455287470.5,338.1236899454172,710.0
1455287471.2,341.44847795695216,710.0
1455287471.9,344.14543190907165,720.0
1455287472.6,346.61460178010316,689.9999999999999
1455287473.3,348.5718311976046,680.0000000000002
1455287474.0,350.0728804273832,670.0000000000002
1455287474.6,351.5866232243477,670.0000000000002
1455287475.3,353.2448448086036,660.0
1455287476.0,355.3534635809054,670.0000000000002
1455287476.6,357.3728225969137,670.0000000000002
1455287477.3,359.29875343454694,660.0
1455287478.0,361.2849152223649,689.9999999999999
1455287478.6,363.1149765419955,640.0
1455287479.3,365.32356415323903,689.9999999999999
1455287480.0,367.5595369288445,680.0000000000002
1455287480.7,369.94564533775264,660.0
1455287481.3,371.49210447606697,680.0000000000002
1455287482.0,372.30090732150717,660.0
1455287482.7,372.6964819720434,710.0
1455287483.4,374.2657587411599,700.0000000000001
1455287484.1,376.03883591553864,680.0000000000002
1455287484.8,377.807909044746,689.9999999999999
1455287485.5,379.3015810319081,680.0000000000002
1455287486.1,380.69888107869895,680.0000000000002
1455287486.8,382.9952688889386,670.0000000000002
1455287487.5,385.36401504616623,670.0000000000002
1455287488.1,386.750260511993,640.0
1455287488.8,388.8252295783393,680.0000000000002
1455287489.4,388.32731649134695,650.0
1455287490.1,382.2926314297022,650.0
1455287490.7,363.5142727417968,650.0
1455287491.4,343.6672764189911,660.0
1455287492.1,337.7471479578208,650.0
1455287492.7,320.6142440461038,650.0
1455287493.4,299.7252690016512,660.0
1455287494.0,295.11377406040174,620.0
1455287494.6,298.90473658191075,610.0
1455287495.2,303.6909143568041,630.0
1455287495.8,308.704071432176,599.9999999999999
1455287496.5,314.426037409539,630.0
1455287497.1,317.04265578250244,640.0
1455287497.7,320.3333247091371,650.0
1455287498.4,324.19654315040367,689.9999999999999
1455287499.1,327.702401515353,650.0
1455287499.8,330.5950429640675,680.0000000000002
1455287500.4,332.93939578320624,660.0
1455287501.1,335.46940508513245,710.0
1455287501.8,337.81504719515885,660.0
1455287502.5,338.52706845241875,680.0000000000002
1455287503.2,334.7113130790393,680.0000000000002
1455287503.8,334.10749046553866,660.0
1455287504.5,335.7565531894317,700.0000000000001
1455287505.2,339.1383383500532,689.9999999999999
1455287505.9,343.24186100134307,720.0
1455287506.6,346.5964231249131,680.0000000000002
1455287507.3,331.3123388313486,689.9999999999999
1455287507.9,321.7555467133351,650.0
1455287508.6,324.59123392083063,689.9999999999999
1455287509.3,331.022045322428,689.9999999999999
1455287510.0,337.9693596450978,710.0
1455287510.7,343.5426007934407,700.0000000000001
1455287511.5,347.93510431739213,730.0
1455287512.2,350.78194551746316,750.0
1455287513.0,353.45072102631667,780.0
1455287513.8,356.7224792237145,760.0000000000001
1455287514.5,359.1826716285715,740.0000000000001
1455287515.2,361.53950402739855,730.0
1455287515.9,363.7092407930942,720.0
1455287516.7,366.2468541436862,730.0
1455287517.3,366.1061186971824,660.0
1455287518.0,359.97791753612887,700.0000000000001
1455287518.7,359.24060821840726,689.9999999999999
1455287519.4,361.6966763040345,689.9999999999999
1455287520.1,365.4438419846662,689.9999999999999
1455287520.8,369.3513535959056,700.0000000000001
1455287521.5,372.3634690917872,700.0000000000001
1455287522.2,374.8548148955156,680.0000000000002
1455287522.9,376.7616481116029,730.0
1455287523.6,378.1290468194828,720.0
1455287524.4,377.8719181219698,740.0000000000001
1455287525.1,377.82911595507204,700.0000000000001
1455287525.8,376.91073124525167,689.9999999999999
1455287526.5,351.812574246891,689.9999999999999
1455287527.2,335.4355479730915,700.0000000000001
1455287527.9,336.95312462562686,730.0
1455287528.6,344.3055743081285,740.0000000000001
1455287529.4,351.0313496189068,730.0
1455287530.1,354.8807041942726,730.0
1455287530.8,357.67942151973733,720.0
1455287531.5,360.0362514536997,740.0000000000001
1455287532.2,362.1680452274549,700.0000000000001
1455287533.0,364.0070540464915,710.0
1455287533.6,363.57038537833535,660.0
1455287534.3,360.0751477804838,700.0000000000001
1455287535.0,355.1074812954504,700.0000000000001
1455287535.7,354.88050304027115,689.9999999999999
1455287536.4,354.7956703085982,710.0
1455287537.1,355.44818074568917,680.0000000000002
1455287537.8,356.1698531825265,689.9999999999999
1455287538.5,351.06832433152437,670.0000000000002
1455287539.2,347.42732348063265,700.0000000000001
1455287539.9,348.35333256736914,700.0000000000001
1455287540.5,349.96240315366595,660.0
1455287541.2,352.3300375680511,670.0000000000002
1455287541.9,354.3712044067298,670.0000000000002
1455287542.5,356.6940550547919,680.0000000000002
1455287543.2,359.7641666174191,710.0
1455287543.9,362.70002851561037,660.0
1455287544.6,364.883846944446,689.9999999999999
1455287545.3,367.1341775377166,670.0000000000002
1455287546.0,366.4889556467791,700.0000000000001
1455287546.7,336.74280544445355,689.9999999999999
1455287547.3,325.11355267657,680.0000000000002
1455287548.0,327.7509832329394,670.0000000000002
1455287548.7,335.14899405451644,670.0000000000002
1455287549.3,340.05535435584005,670.0000000000002
1455287550.0,344.6435174851369,689.9999999999999
1455287550.7,349.0464846715123,670.0000000000002
1455287551.4,352.7213471015297,680.0000000000002
1455287552.1,355.6948498877333,670.0000000000002
1455287552.7,357.50687231884086,680.0000000000002
1455287553.4,359.0665584968528,680.0000000000002
1455287554.1,359.5701886082392,720.0
1455287554.8,358.6993862482612,670.0000000000002
1455287555.5,359.9779385783719,670.0000000000002
1455287556.2,360.2500440152124,700.0000000000001
1455287556.9,360.77652180456863,680.0000000000002
1455287557.6,363.1150411239949,700.0000000000001
1455287558.3,366.0155797323987,700.0000000000001
1455287558.9,365.8252870320403,670.0000000000002
1455287559.6,346.14789139772415,670.0000000000002
1455287560.2,337.7639622707237,650.0
1455287560.9,323.15993721822,670.0000000000002
1455287561.6,318.52726511221056,680.0000000000002
1455287562.3,323.63008000573365,660.0
1455287562.9,330.7922134173599,660.0
1455287563.6,337.7639797768508,670.0000000000002
1455287564.3,336.0281196457093,680.0000000000002
1455287564.9,324.30728244040694,680.0000000000002
1455287565.6,321.8798686657504,689.9999999999999
1455287566.4,327.13963720294294,740.0000000000001
1455287567.1,332.25911164468187,700.0000000000001
1455287567.8,331.2355542434812,750.0
1455287568.5,332.17648771830835,700.0000000000001
1455287569.2,334.8542599367999,689.9999999999999
1455287569.9,338.24371477991264,700.0000000000001
1455287570.6,341.58850798737734,700.0000000000001
1455287571.3,330.74477716281154,720.0
1455287572.0,318.42076145331896,710.0
1455287572.8,323.14388509198096,710.0
1455287573.5,330.3986529305208,700.0000000000001
1455287574.2,335.4524850596178,730.0
1455287574.9,338.62152526442867,720.0
1455287575.6,341.22142830659635,740.0000000000001
1455287576.4,343.524640464463,740.0000000000001
1455287577.1,344.8217415764184,710.0
1455287577.8,346.1107324974401,710.0
1455287578.6,349.02801837483213,750.0
1455287579.3,350.56982692717764,720.0
1455287580.0,351.97640999000083,730.0
1455287580.7,354.4465958548944,700.0000000000001
1455287581.4,356.30320770798437,689.9999999999999
1455287582.1,357.81380019447073,700.0000000000001
1455287582.8,358.9892158112558,720.0
1455287583.6,361.324064812412,770.0000000000001
1455287584.3,363.4315949339824,760.0000000000001
1455287585.1,365.7245415225077,720.0
1455287585.8,349.65939992228624,750.0
1455287586.6,312.8330347268565,750.0
1455287587.3,310.87802661097663,750.0
1455287588.0,320.47207203451336,710.0
1455287588.7,327.9121619293484,710.0
1455287589.4,334.05733852584825,700.0000000000001
1455287590.2,339.8472242110092,720.0
1455287590.9,343.8968664086382,720.0
1455287591.6,347.1017534969281,730.0
1455287592.3,349.59548278518446,720.0
1455287593.0,351.71647377848376,700.0000000000001
1455287593.7,353.48806811237955,720.0
1455287594.5,355.08857819627286,740.0000000000001
1455287595.2,356.53168448184164,750.0
1455287596.0,358.48732502622613,770.0000000000001
1455287596.8,360.58149330505836,770.0000000000001
1455287597.5,362.10894800624567,750.0
1455287598.3,363.7589557396079,770.0000000000001
1455287599.1,365.9453664723122,760.0000000000001
1455287599.8,367.86351180234396,790.0000000000001
1455287600.6,369.8843248669982,780.0
1455287601.3,371.6781683335218,720.0
1455287602.1,373.7829975824944,760.0000000000001
1455287602.9,375.50950964395753,770.0000000000001
1455287603.6,376.80396817158936,770.0000000000001
1455287604.4,378.1935418665527,710.0
1455287605.0,377.3158771034233,689.9999999999999
1455287605.7,376.4635546971882,700.0000000000001
1455287606.5,374.96037991998435,760.0000000000001
1455287607.2,375.4669977789901,689.9999999999999
1455287607.9,376.65515001406965,730.0
1455287608.7,377.44404150581374,730.0
1455287609.4,378.9673642703452,740.0000000000001
1455287610.2,381.13404893202005,780.0
1455287610.9,382.77519029224,750.0
1455287611.6,384.2091513393378,720.0
1455287612.3,385.1637127384748,689.9999999999999
1455287613.0,379.7891887208113,710.0
1455287613.8,360.15323431328414,720.0
1455287614.5,358.93119579789675,720.0
1455287615.2,362.9767034588845,720.0
1455287615.9,366.73034863625605,700.0000000000001
1455287616.6,369.5766062048674,700.0000000000001
1455287617.3,372.2802623990965,730.0
1455287618.0,375.08679698516283,710.0
1455287618.8,374.01408079626236,730.0
1455287619.5,370.65530914080057,760.0000000000001
1455287620.3,372.46736704919715,720.0
1455287621.0,375.488396631058,750.0
1455287621.7,378.0218227925337,740.0000000000001
1455287622.4,371.2656000685132,700.0000000000001
1455287623.1,360.0945012359353,700.0000000000001
1455287623.8,361.1285078567266,689.9999999999999
1455287624.5,365.5039588010175,700.0000000000001
1455287625.2,369.802199700879,710.0
1455287626.0,373.5735913601832,750.0
1455287626.7,375.2767903984363,689.9999999999999
1455287627.4,374.0871620930233,689.9999999999999
1455287628.0,373.4269577721514,660.0
1455287628.7,374.6442774201606,670.0000000000002
1455287629.4,373.2806524132582,670.0000000000002
1455287630.1,366.48977550337327,740.0000000000001
1455287630.9,351.99534831690016,780.0
1455287631.7,349.9073863919832,760.0000000000001
1455287632.4,353.54457568905053,750.0
1455287633.1,356.9136214803878,689.9999999999999
1455287633.8,361.20667961518427,689.9999999999999
1455287634.5,365.3237835940924,670.0000000000002
1455287635.1,368.18859784826884,660.0
1455287635.8,371.1197682815305,700.0000000000001
1455287636.5,373.3642554530168,670.0000000000002
1455287637.2,373.4062444534445,700.0000000000001
1455287637.9,371.9479460961437,710.0
1455287638.6,368.3716819080349,680.0000000000002
1455287639.2,369.3513535959056,650.0
1455287639.9,372.3009305121441,680.0000000000002
1455287640.6,375.4883728077916,660.0
1455287641.2,377.871869578759,660.0
1455287641.9,380.2645199436322,640.0
1455287642.6,382.27043530408827,700.0000000000001
1455287643.2,383.0391581252665,670.0000000000002
1455287643.9,384.27560695682473,660.0
1455287644.6,385.89930506944563,660.0
1455287645.2,387.37932345124153,689.9999999999999
1455287646.0,389.73446127855067,710.0
1455287646.7,391.45088371249375,700.0000000000001
1455287647.3,393.06639775016083,689.9999999999999
1455287648.1,394.6953560888636,730.0
1455287648.8,396.2673439553831,750.0
1455287649.6,395.2806151202755,740.0000000000001
1455287650.2,382.49151967838617,670.0000000000002
1455287650.9,367.1548836266484,689.9999999999999
1455287651.6,365.9050902890841,640.0
1455287652.2,365.34489708174414,680.0000000000002
1455287653.0,325.7199413402006,720.0
1455287653.7,315.8262018063157,740.0000000000001
1455287654.4,322.0045663485468,720.0
1455287655.2,330.39852317464727,740.0000000000001
1455287655.9,336.92747852045017,740.0000000000001
1455287656.7,342.65947807138207,750.0
1455287657.4,346.2365222890802,730.0
1455287658.1,348.71772558003164,700.0000000000001
1455287658.8,349.5404082366201,720.0
1455287659.6,345.57252229843766,760.0000000000001
1455287660.3,348.0078420854843,750.0
1455287661.0,352.3299785200685,730.0
1455287661.8,352.59133145462516,720.0
1455287662.5,337.51623378791646,780.0
1455287663.3,336.26466849170083,800.0
1455287664.1,343.790563054784,790.0000000000001
1455287664.9,350.1831068262363,770.0000000000001
1455287665.7,352.8334091345017,750.0
1455287666.4,354.22060171628334,730.0
1455287667.2,357.50687231884086,790.0000000000001
1455287667.9,360.62043147785937,710.0
1455287668.6,363.2137580749008,740.0000000000001
1455287669.3,365.1036181250893,720.0
1455287670.1,366.58914847029325,720.0
1455287670.8,368.47347767024917,740.0000000000001
1455287671.5,370.5008793769097,710.0
1455287672.2,370.9130356524283,689.9999999999999
1455287672.9,371.5126116869361,710.0
1455287673.6,372.2592691892932,720.0
1455287674.3,370.6863234125196,700.0000000000001
1455287675.1,369.8842110615535,750.0
1455287675.8,369.0854470869672,740.0000000000001
1455287676.5,370.33626402328974,720.0
1455287677.3,373.19704933418404,710.0
1455287678.0,375.6574910791304,720.0
1455287678.7,377.9790692927887,700.0000000000001
1455287679.4,379.63633796578836,700.0000000000001
1455287680.1,381.06864062565285,689.9999999999999
1455287680.8,381.5920318399353,689.9999999999999
1455287681.5,381.7669119554117,700.0000000000001
1455287682.1,382.73122514340764,689.9999999999999
1455287682.8,383.4357299507621,700.0000000000001
1455287683.5,384.38639615324996,680.0000000000002
1455287684.2,382.2486413813573,700.0000000000001
1455287684.9,376.08144420414163,700.0000000000001
1455287685.6,375.97521075530335,710.0
1455287686.3,378.6660930007364,689.9999999999999
1455287687.0,381.657589982134,680.0000000000002
1455287687.7,382.77521553828683,680.0000000000002
1455287688.4,382.4019780869757,700.0000000000001
1455287689.1,383.943520450382,720.0
1455287689.8,378.6026965646383,660.0
1455287690.4,367.2257284921293,670.0000000000002
1455287691.1,363.68950638139694,680.0000000000002
1455287691.8,367.41751225066565,680.0000000000002
1455287692.5,367.4378620307662,680.0000000000002
1455287693.1,366.95234569057516,670.0000000000002
1455287693.8,370.0690380622964,670.0000000000002
1455287694.5,372.92578339499886,670.0000000000002
1455287695.2,375.213522628674,670.0000000000002
1455287695.8,377.85054135144026,680.0000000000002
1455287696.5,380.3402919848982,689.9999999999999
1455287697.2,382.16086238600997,670.0000000000002
1455287697.9,383.89930174954577,689.9999999999999
1455287698.6,384.87456427014473,700.0000000000001
1455287699.3,386.660327695768,670.0000000000002
1455287699.9,388.59863696291535,689.9999999999999
1455287700.6,390.00806056339485,680.0000000000002
1455287701.3,390.78531659514505,650.0
1455287701.9,390.5107279296565,670.0000000000002
1455287702.6,390.51066092150114,680.0000000000002
1455287703.3,391.4968592620007,660.0
1455287703.9,392.8810290897501,660.0
1455287704.6,394.81231911079396,700.0000000000001
1455287705.3,396.762441156799,689.9999999999999
1455287706.0,397.8042968821589,710.0
1455287706.8,399.4967217734185,710.0
1455287707.5,401.42109012768884,710.0
1455287708.2,399.56872441900185,689.9999999999999
1455287708.9,393.5071885203968,740.0000000000001
1455287709.6,392.0263621954196,730.0
1455287710.4,395.5619206186252,730.0
1455287711.1,398.93504786408636,720.0
1455287711.8,401.49375989532575,700.0000000000001
1455287712.5,403.73055244295034,710.0
1455287713.2,404.195682027122,710.0
1455287713.9,404.29363518263847,689.9999999999999
1455287714.6,405.8937552010467,700.0000000000001
1455287715.3,406.71078904822235,680.0000000000002
1455287716.0,404.809705647675,689.9999999999999
1455287716.6,383.6163891229235,680.0000000000002
1455287717.3,367.2353684407717,670.0000000000002
1455287718.0,368.77929312041715,680.0000000000002
1455287718.7,368.2910004765685,670.0000000000002
1455287719.3,355.9994451105816,660.0
1455287720.0,349.63203249741815,670.0000000000002
1455287720.7,350.66201109227853,670.0000000000002
1455287721.4,354.654047785824,710.0
1455287722.1,359.5315017207793,750.0
1455287722.8,364.32542632771583,710.0
1455287723.6,368.6772945104315,750.0
1455287724.4,372.40507237972787,800.0
1455287725.2,375.7210207446212,780.0
1455287725.9,378.4511085698516,770.0000000000001
1455287726.7,381.13404893202005,750.0
1455287727.3,381.0903603616389,670.0000000000002
1455287728.0,377.44410202008453,670.0000000000002
1455287728.7,376.76140748785,660.0
1455287729.3,377.615104914479,640.0
1455287729.9,377.5722300564274,630.0
1455287730.6,373.99294479639036,640.0
1455287731.2,367.6201844369822,660.0
1455287731.9,368.47368033133233,700.0000000000001
1455287732.7,374.51804945952017,710.0
1455287733.4,379.3771316519927,720.0
1455287734.1,382.6326503227272,720.0
1455287734.9,385.2081357744959,770.0000000000001
1455287735.6,386.81734565887604,750.0
1455287736.4,389.3476608694777,770.0000000000001
1455287737.1,391.7958623417252,710.0
1455287737.8,393.4376001433905,700.0000000000001
1455287738.5,392.2571064336081,700.0000000000001
1455287739.2,387.1768693774479,680.0000000000002
1455287739.9,381.9419926540174,689.9999999999999
1455287740.5,382.99506657203654,660.0
1455287741.2,384.74139728373706,670.0000000000002
1455287741.9,384.89668604279257,660.0
1455287742.5,386.3018712959216,660.0
1455287743.2,388.2139282505474,660.0
1455287743.9,391.33605270933464,689.9999999999999
1455287744.5,393.414367476881,650.0
1455287745.2,381.5499680312235,689.9999999999999
1455287745.9,366.5290994116707,700.0000000000001
1455287746.6,354.8054944607598,720.0
1455287747.3,349.4124068679824,720.0
1455287748.1,350.5330269166262,710.0
1455287748.7,354.07037843762015,689.9999999999999
1455287749.4,358.3332210667337,700.0000000000001
1455287750.1,361.83390147058196,680.0000000000002
1455287750.8,364.5645374976295,710.0
1455287751.5,367.07355209117776,710.0
1455287752.2,369.4743362568302,660.0
1455287752.9,370.9749726269213,689.9999999999999
1455287753.6,368.7997109740516,670.0000000000002
1455287754.2,366.8918091555854,660.0
1455287754.9,366.91200280694,680.0000000000002
1455287755.6,369.57658347407823,720.0
1455287756.3,372.3424525356591,689.9999999999999
1455287757.0,372.50912152407767,710.0
1455287757.7,364.4654340953807,720.0
1455287758.5,346.02135424557184,740.0000000000001
1455287759.3,341.099181775778,770.0000000000001
1455287760.0,346.6328554103498,730.0
1455287760.7,353.7321660416121,720.0
1455287761.4,359.2600247000418,720.0
1455287762.1,362.9567749827314,720.0
1455287762.8,365.6241267134039,680.0000000000002
1455287763.5,367.45798857494384,689.9999999999999
1455287764.2,368.7996432333383,680.0000000000002
1455287764.9,370.871790254456,689.9999999999999
1455287765.6,373.20764004931,689.9999999999999
1455287766.3,375.2134513597381,689.9999999999999
1455287767.0,377.0384130920397,689.9999999999999
1455287767.6,374.60216990918633,670.0000000000002
1455287768.3,367.19495892868764,660.0
1455287769.0,365.143454991498,700.0000000000001
1455287769.7,366.7101771944384,680.0000000000002
1455287770.4,370.27451037832566,730.0
1455287771.1,373.0717149322514,680.0000000000002
1455287771.7,374.3390868112368,660.0
1455287772.4,372.7796651233198,680.0000000000002
1455287773.1,370.0073986785384,720.0
1455287773.8,364.40497030533203,710.0
1455287774.6,366.4078713497846,750.0
1455287775.3,369.58683771185264,700.0000000000001
1455287776.0,372.0723271459749,710.0
1455287776.7,374.3286248772496,689.9999999999999
1455287777.4,375.6786040115216,730.0
1455287778.2,377.4653699803632,730.0
1455287778.9,379.722871351936,730.0
1455287779.6,381.87620894189973,730.0
1455287780.3,378.9890830425038,730.0
1455287781.1,375.89042501623527,750.0
1455287781.8,377.87189385036436,750.0
1455287782.6,379.7769362331536,770.0000000000001
1455287783.4,382.1607870379447,760.0000000000001
1455287784.1,384.541505997525,720.0
1455287784.8,385.87697767440943,740.0000000000001
1455287785.6,386.16751841309775,750.0
1455287786.3,387.5820129339785,750.0
1455287787.1,389.82560770591806,740.0000000000001
1455287787.8,391.22106000727126,710.0
1455287788.5,395.51490184088937,730.0
1455287789.2,395.7966801448298,730.0
1455287790.0,397.73306532075753,750.0
1455287790.7,398.61282736078425,710.0
1455287791.4,399.40095741891196,689.9999999999999
1455287792.1,399.9280489382375,689.9999999999999
1455287792.8,399.61639126848394,700.0000000000001
1455287793.5,396.15039798727685,730.0
1455287794.3,380.54664333298825,760.0000000000001
1455287795.0,378.57997714098997,750.0
1455287795.8,382.22657096577797,740.0000000000001
1455287796.5,385.85467609935057,750.0
1455287797.3,390.41926088727996,790.0000000000001
1455287798.1,394.695383787693,780.0
1455287798.9,397.8041552405897,770.0000000000001
1455287799.6,400.0480777866432,720.0
1455287800.3,399.16181896476235,730.0
1455287801.0,399.2335347471991,730.0
1455287801.8,401.71141992256116,740.0000000000001
1455287802.5,403.7794401053092,700.0000000000001
1455287803.2,406.2275617394656,730.0
1455287803.9,408.8307994239856,740.0000000000001
1455287804.7,411.5565757388298,790.0000000000001
1455287805.5,414.34471444790137,800.0
1455287806.3,417.1186038726766,809.9999999999999
1455287807.1,419.8505731699704,750.0
1455287807.9,422.21710412942514,790.0000000000001
1455287808.7,424.6104612845215,809.9999999999999
1455287809.5,424.7456990312362,800.0
1455287810.3,423.55835613352053,800.0
1455287811.0,424.1782510054472,740.0000000000001
1455287811.8,426.8397210052729,760.0000000000001
1455287812.6,429.9226782981908,770.0000000000001
1455287813.4,432.4324979350631,790.0000000000001
1455287814.1,433.95250500276086,770.0000000000001
1455287814.9,436.0529317117157,760.0000000000001
1455287815.6,436.16696471409307,750.0
1455287816.4,436.9102162999694,770.0000000000001
1455287817.1,438.3178217531875,710.0
1455287817.8,435.32716578105067,720.0
1455287818.5,428.4584499400448,700.0000000000001
1455287819.3,428.95449639302717,720.0
1455287820.0,432.20822411011284,770.0000000000001
1455287820.8,430.56132456648453,809.9999999999999
1455287821.6,432.152146588517,750.0
1455287822.3,434.91512961149687,750.0
1455287823.1,439.0973609357956,750.0
1455287823.9,443.27228463653535,770.0000000000001
1455287824.6,446.628031077836,730.0
1455287825.3,448.8834452845532,680.0000000000002
1455287826.0,450.39977294324063,710.0
1455287826.7,444.0120736259145,710.0
1455287827.4,410.1937512297544,689.9999999999999
1455287828.1,390.8775895780792,700.0000000000001
1455287828.8,390.0080872539112,689.9999999999999
1455287829.4,393.69310480946746,660.0
1455287830.1,394.3451866035797,660.0
1455287830.8,388.9842439902119,710.0
1455287831.5,382.7313513303001,740.0000000000001
1455287832.3,383.23724139380266,730.0
1455287833.0,385.49761838411865,770.0000000000001
1455287833.8,387.6495673067407,740.0000000000001
1455287834.5,389.50675493248923,740.0000000000001
1455287835.2,392.7653578970235,720.0
1455287835.9,395.7027261799768,680.0000000000002
1455287836.6,397.4247727635692,700.0000000000001
1455287837.3,397.495834537362,710.0
1455287838.1,399.4248626625805,750.0
1455287838.8,401.9293422753286,700.0000000000001
1455287839.5,403.6572061481255,760.0000000000001
1455287840.3,406.14087979355935,740.0000000000001
1455287841.0,408.605331982601,760.0000000000001
1455287841.8,411.4803646421264,770.0000000000001
1455287842.5,413.85593364977257,720.0
1455287843.2,415.8827404828083,720.0
1455287844.0,418.3226189197966,720.0
1455287844.7,420.6984865644793,740.0000000000001
1455287845.4,423.12827021014886,730.0
1455287846.1,425.26053433634905,700.0000000000001
1455287846.9,426.58032271310725,720.0
1455287847.6,425.5590938375389,750.0
1455287848.3,425.96698670743086,730.0
1455287849.0,428.210586041004,710.0
1455287849.8,431.25759031304,710.0
1455287850.5,431.7744218852449,720.0
1455287851.2,433.1911845255505,720.0
1455287851.9,434.29171452370315,730.0
1455287852.7,435.1137865494865,740.0000000000001
1455287853.3,436.881586474953,670.0000000000002
1455287854.1,439.2709172718856,740.0000000000001
1455287854.8,441.1894931279956,710.0
1455287855.5,443.0661264465342,740.0000000000001
1455287856.3,446.3290564817368,740.0000000000001
1455287857.0,449.3069868852047,700.0000000000001
1455287857.7,449.91347569969963,720.0
1455287858.4,430.7586656279032,700.0000000000001
1455287859.1,412.728921816684,730.0
1455287859.8,409.96223508392836,680.0000000000002
1455287860.5,413.8560293549691,689.9999999999999
1455287861.2,417.7984922936792,689.9999999999999
1455287861.9,421.12373244350573,689.9999999999999
1455287862.6,424.0433742113642,720.0
1455287863.3,426.0486834991119,710.0
1455287864.0,426.6212233066951,730.0
1455287864.8,427.66119878367067,730.0
1455287865.5,427.74345532489053,710.0
1455287866.2,429.7841782231345,750.0
1455287866.9,432.6851016737908,700.0000000000001
1455287867.6,434.5182596616431,720.0
1455287868.4,436.024376786477,750.0
1455287869.1,428.13020172167535,710.0
1455287869.8,401.688508511079,720.0
1455287870.5,389.348431349996,670.0000000000002
1455287871.2,379.5933175308713,700.0000000000001
1455287871.9,375.4035873911197,670.0000000000002
1455287872.6,377.46556365911795,700.0000000000001
1455287873.3,382.7094317407769,700.0000000000001
1455287873.9,385.8099695795914,660.0
1455287874.6,388.5533818458843,689.9999999999999
1455287875.3,390.2134467553751,680.0000000000002
1455287876.0,374.9521126731932,710.0
1455287876.7,362.522586512794,710.0
1455287877.4,363.3524620220028,700.0000000000001
1455287878.1,369.55627957613405,689.9999999999999
1455287878.8,375.5940092214608,710.0
1455287879.5,379.7013241851687,720.0
1455287880.2,382.0293950377721,710.0
1455287880.9,358.0707224985458,689.9999999999999
1455287881.6,335.2668233721451,689.9999999999999
1455287882.3,335.4017079989467,660.0
1455287883.0,338.75953205696726,680.0000000000002
1455287883.7,346.14684576923133,710.0
1455287884.3,352.36732573392715,650.0
1455287885.0,357.1047435270888,670.0000000000002
1455287885.7,360.1819599256473,680.0000000000002
1455287886.4,362.52262932219855,689.9999999999999
1455287887.0,364.96354302724035,660.0
1455287887.7,366.54898282399824,700.0000000000001
1455287888.4,367.15439343530863,660.0
1455287889.1,368.00573835865805,700.0000000000001
1455287889.8,368.7996883563218,740.0000000000001
1455287890.6,371.26419589834984,820.0
1455287891.4,373.594515505848,809.9999999999999
1455287892.2,373.0926624247667,770.0000000000001
1455287893.0,368.56512088142233,760.0000000000001
1455287893.7,365.94536639979316,760.0000000000001
1455287894.5,360.73739360042543,730.0
1455287895.2,362.3846569906143,730.0
1455287895.9,366.52874493634727,710.0
1455287896.6,369.46387776283206,700.0000000000001
1455287897.3,372.11394193212425,700.0000000000001
1455287898.1,374.3706614789138,750.0
1455287898.8,373.594468576605,740.0000000000001
1455287899.5,369.4946631880592,689.9999999999999
1455287900.2,367.5085951864122,720.0
1455287900.9,369.65852652865686,720.0
1455287901.6,371.8855009394653,710.0
1455287902.3,370.8099450783986,689.9999999999999
1455287903.0,370.76863084116883,670.0000000000002
1455287903.7,365.30481957484255,689.9999999999999
1455287904.4,346.2913186706263,680.0000000000002
1455287905.0,340.61110601888976,680.0000000000002
1455287905.7,343.9502285059529,680.0000000000002
1455287906.4,350.9759070364668,700.0000000000001
1455287907.1,355.9988155486141,680.0000000000002
1455287907.8,359.6281874109445,660.0
1455287908.5,361.7553258871977,700.0000000000001
1455287909.2,363.55054272985,689.9999999999999
1455287909.9,365.955220489278,720.0
1455287910.6,368.33102654377984,730.0
1455287911.3,369.4126520544239,710.0
1455287912.0,370.48025667792353,700.0000000000001
1455287912.8,349.6743528888235,740.0000000000001
1455287913.4,329.89190515152933,689.9999999999999
1455287914.1,327.52537754744486,680.0000000000002
1455287914.8,335.05667958719835,689.9999999999999
1455287915.5,342.71247444305175,710.0
1455287916.2,347.5722874818665,670.0000000000002
1455287916.9,349.76049501049727,720.0
1455287917.6,339.34836521573817,700.0000000000001
1455287918.3,315.6177456131328,670.0000000000002
1455287919.0,308.57536071012083,680.0000000000002
1455287919.7,313.3914111433021,700.0000000000001
1455287920.4,310.12604118001326,700.0000000000001
1455287921.1,303.3389034382122,730.0
1455287921.8,308.1622205535622,710.0
1455287922.5,316.71143099646,710.0
1455287923.3,323.2141944020424,770.0000000000001
1455287924.0,328.380456402677,760.0000000000001
1455287924.8,330.0875184787849,790.0000000000001
1455287925.6,329.2561110116835,790.0000000000001
1455287926.4,332.98938069842245,730.0
1455287927.1,335.9933321825365,770.0000000000001
1455287927.9,338.7764833779064,790.0000000000001
1455287928.7,342.6066447267712,780.0
1455287929.5,345.89513564282663,760.0000000000001
1455287930.2,346.9754396696135,760.0000000000001
1455287930.9,321.3405819976396,730.0
1455287931.7,308.63253163899475,710.0
1455287932.4,313.0676418435568,700.0000000000001
1455287933.1,318.60350534176763,720.0
1455287933.8,325.01880841234333,680.0000000000002
1455287934.4,329.67946822397283,689.9999999999999
1455287935.2,331.7796053612043,740.0000000000001
1455287935.9,331.66399418837153,760.0000000000001
1455287936.7,319.52133714460746,780.0
1455287937.4,310.67486929376645,720.0
1455287938.2,317.32980488078414,750.0
1455287938.9,325.22485678234403,720.0
1455287939.6,330.43128192974166,730.0
1455287940.4,335.1319218125925,720.0
1455287941.1,338.05504460868684,710.0
1455287941.8,338.879677845677,700.0000000000001
1455287942.5,339.53569155918274,710.0
1455287943.2,342.11440671837966,720.0
1455287943.9,344.52774272459504,700.0000000000001
1455287944.6,346.03880471599234,680.0000000000002
1455287945.3,339.98664361287535,689.9999999999999
1455287946.0,323.2234933297274,680.0000000000002
1455287946.6,315.9158513739918,689.9999999999999
1455287947.4,321.18225958355436,740.0000000000001
1455287948.1,327.461203364495,710.0
1455287948.8,331.91184992944636,700.0000000000001
1455287949.5,336.0782057773573,680.0000000000002
1455287950.2,330.2682988536461,710.0
1455287950.9,321.7556066718253,700.0000000000001
1455287951.6,323.92877746778265,710.0
1455287952.3,329.5492094567207,700.0000000000001
1455287953.0,334.4092588723045,670.0000000000002
1455287953.7,336.7740835698695,710.0
1455287954.3,338.3123427422424,670.0000000000002
1455287955.0,340.0031139862012,689.9999999999999
1455287955.7,342.44834354499284,670.0000000000002
1455287956.4,344.5010156444229,670.0000000000002
1455287957.1,346.45245537767187,689.9999999999999
1455287957.7,347.0294694607444,670.0000000000002
1455287958.4,346.443356842463,700.0000000000001
1455287959.1,343.4716712418982,660.0
1455287959.8,340.3328668073034,680.0000000000002
1455287960.4,339.32819712602316,670.0000000000002
1455287961.1,341.7460529470648,689.9999999999999
1455287961.9,345.8952101226379,720.0
1455287962.5,348.371455186394,680.0000000000002
1455287963.2,351.03121336837273,689.9999999999999
1455287963.9,353.1136830023114,700.0000000000001
1455287964.6,354.9939015199495,689.9999999999999
1455287965.3,357.0473229310331,730.0
1455287966.0,358.5065336206786,650.0
1455287966.7,360.07497961153035,689.9999999999999
1455287967.4,355.31626300391184,680.0000000000002
1455287968.1,345.7516528271811,710.0
1455287968.8,346.2186616565033,700.0000000000001
1455287969.5,350.9758292141457,700.0000000000001
1455287970.1,354.2206617104631,670.0000000000002
1455287970.8,356.9899024338205,660.0
1455287971.5,358.7380522973507,660.0
1455287972.1,359.64760402771685,650.0
1455287972.8,339.2117410305088,670.0000000000002
1455287973.5,320.5181385415548,670.0000000000002
1455287974.1,319.10656102086904,689.9999999999999
1455287974.9,326.8509780054822,740.0000000000001
1455287975.7,339.83384075269987,770.0000000000001
1455287976.4,341.9915320984075,750.0
1455287977.1,338.46681195862425,720.0
1455287977.9,329.0952766836607,730.0
1455287978.6,317.616680693622,760.0000000000001
1455287979.3,319.2749186204805,700.0000000000001
1455287980.1,327.46121917476614,750.0
1455287980.7,332.01100883015687,680.0000000000002
1455287981.4,333.78954245586107,700.0000000000001
1455287982.2,326.5148398211578,710.0
1455287982.9,324.8758152779236,710.0
1455287983.6,329.6307259883681,730.0
1455287984.3,334.98050684554147,720.0
1455287985.0,337.5072377319591,730.0
1455287985.8,340.2982642532564,720.0
1455287986.5,342.51856503648185,740.0000000000001
1455287987.3,344.9823073181051,750.0
1455287988.0,347.42743669146654,740.0000000000001
1455287988.7,348.1894682373793,710.0
1455287989.4,333.97509343064894,700.0000000000001
1455287990.1,323.23769925063175,710.0
1455287990.8,298.7634577391948,720.0
1455287991.5,279.1785544407462,680.0000000000002
1455287992.2,270.80834384308025,689.9999999999999
1455287992.9,267.52705207674524,660.0
1455287993.6,264.5961326369868,700.0000000000001
1455287994.2,264.5833327556531,670.0000000000002
1455287994.9,264.5683995607638,680.0000000000002
1455287995.6,264.55346636587456,720.0
1455287996.3,264.5385331709852,620.0
1455287996.9,264.52573328965155,650.0
1455287997.5,264.5129334083178,620.0
1455287998.2,264.4980002134285,630.0
1455287998.8,264.4852003320948,599.9999999999999
1455287999.4,264.47240045076114,630.0
1455288000.0,264.4596005694275,610.0
1455288000.6,264.4468006880938,640.0
1455288001.3,264.4318674932045,640.0
1455288001.9,264.4190676118708,630.0
1455288002.6,264.40413441698144,680.0000000000002
1455288003.2,264.3913345356478,599.9999999999999
1455288003.8,264.3785346543141,620.0
1455288004.4,264.36573477298043,610.0
1455288005.0,264.35293489164667,599.9999999999999
1455288005.6,264.34013501031313,630.0
1455288006.2,264.3273351289793,589.9999999999999
1455288006.8,264.31453524764567,610.0
1455288007.4,264.3017353663119,599.9999999999999
1455288008.0,264.28893548497825,589.9999999999999
1455288008.6,264.27613560364455,570.0
1455288009.2,264.26333572231084,580.0
1455288009.7,264.25266915453284,560.0
1455288010.4,264.23773595964354,610.0
1455288010.9,264.2270693918654,589.9999999999999
1455288011.6,264.21213619697613,630.0
1455288012.2,264.1993363156425,599.9999999999999
1455288012.8,264.18653643430883,630.0
1455288013.4,264.1737365529751,620.0
1455288014.1,264.15880335808566,630.0
1455288014.7,264.146003476752,640.0
1455288015.3,264.1332035954184,640.0
1455288016.0,264.11827040052907,630.0
1455288016.6,264.1054705191954,620.0
1455288017.2,264.0926706378619,620.0
1455288017.8,264.07987075652795,620.0
1455288018.4,264.06707087519425,610.0
1455288019.1,264.052137680305,630.0
1455288019.7,264.0393377989713,620.0
1455288020.3,264.0265379176376,620.0
1455288020.9,264.013738036304,630.0
1455288021.5,264.0009381549703,610.0
1455288022.2,263.9860049600809,620.0
1455288022.8,263.97320507874736,660.0
1455288023.4,263.9604051974135,580.0
1455288024.1,263.94547200252424,710.0
1455288024.8,263.930538807635,700.0000000000001
1455288025.9,263.90707235852324,640.0
1455288026.4,263.89640579074506,570.0
1455288027.2,263.8793392823001,720.0
1455288027.8,263.8665394009665,620.0
1455288028.4,263.8537395196328,650.0
1455288029.0,263.8409396382991,620.0
1455288029.7,263.8260064434098,610.0
1455288030.3,263.8132065620762,660.0
1455288030.9,263.80040668074247,610.0
1455288031.5,263.7876067994088,610.0
1455288032.2,263.77267360451947,620.0
1455288032.8,263.75987372318576,610.0
1455288033.4,263.7470738418521,620.0
1455288034.0,263.73427396051835,620.0
1455288034.7,263.71934076562906,670.0000000000002
1455288035.4,263.7044075707398,680.0000000000002
1455288036.0,263.691607689406,640.0
1455288036.7,263.6766744945168,710.0
1455288037.4,264.83574141302716,650.0
1455288038.0,269.24435613042516,640.0
1455288038.6,266.2356217378788,650.0
1455288039.3,264.816482177851,680.0000000000002
1455288039.9,264.816482177851,610.0
1455288040.6,264.816482177851,660.0
1455288041.3,264.816482177851,660.0
1455288041.9,264.816482177851,660.0
1455288042.6,264.816482177851,670.0000000000002
1455288043.3,264.816482177851,720.0
1455288044.0,264.816482177851,700.0000000000001
1455288044.7,264.816482177851,710.0
1455288045.4,264.816482177851,660.0
1455288046.0,264.816482177851,670.0000000000002
1455288046.7,264.816482177851,680.0000000000002
1455288047.4,264.816482177851,640.0
1455288048.0,264.816482177851,660.0
1455288048.7,264.816482177851,660.0
1455288049.3,264.816482177851,650.0
1455288050.1,264.816482177851,740.0000000000001
1455288050.7,264.816482177851,610.0
1455288051.3,264.816482177851,660.0
1455288052.0,264.816482177851,640.0
1455288052.6,264.816482177851,630.0
1455288053.2,264.816482177851,620.0
1455288053.9,264.816482177851,640.0
1455288054.5,264.816482177851,640.0
1455288055.2,264.816482177851,660.0
1455288055.9,264.816482177851,680.0000000000002
1455288056.5,264.816482177851,670.0000000000002
1455288057.4,264.816482177851,839.9999999999999
1455288058.3,264.816482177851,589.9999999999999
1455288058.9,264.816482177851,610.0
1455288059.5,264.816482177851,589.9999999999999
1455288060.7,264.816482177851,940.0000000000001
1455288061.4,264.816482177851,680.0000000000002
1455288062.2,264.816482177851,580.0
1455288063.2,264.816482177851,930.0
1455288064.5,264.816482177851,1070.0
1455288081.7,264.816482177851,1040.0000000000002
1455288082.6,264.816482177851,589.9999999999999
1455288083.5,264.816482177851,910.0000000000001
